Date,Code,Hours,Task ID,Project,Description
17/11/2025,MWo,2,s12,489,A3800: CAD / modelling
17/11/2025,MWo,2,s12,489,A3820: Design development
18/11/2025,MWo,2,s12,489,A3840: Design development
18/11/2025,PHa,4,s12,489,A3810: Technical review
18/11/2025,PHa,4,s12,489,A3830: Site / workshop
20/11/2025,MWo,2,s12,489,A3860: Site / workshop
20/11/2025,PHa,4,s12,489,A3870: Design development
21/11/2025,PHa,4,s12,489,A3800: Site / workshop
23/11/2025,MWo,2,s12,489,A3880: Coordination — overspend week
24/11/2025,ANi,1,s11,489,A3760: CAD / modelling
24/11/2025,EBa,1,s11,489,A3770: Technical review
24/11/2025,LCh,1,s11,489,A3780: Coordination
24/11/2025,MWo,2,s12,489,A3810: Technical review
24/11/2025,PHa,4,s12,489,A3820: Coordination
25/11/2025,LCh,1,s11,489,A3680: CAD / modelling
25/11/2025,MWo,1,s11,489,A3790: Design development
25/11/2025,MWo,1,s11,489,A3690: Report / deliverable
25/11/2025,MWo,1,s11,489,A3630: Site / workshop (late booking)
25/11/2025,MWo,2,s12,489,A3880: Report / deliverable
26/11/2025,AFe,2,s11,489,A3750: Technical review
26/11/2025,PHa,3,s12,489,A3850: Coordination (late booking)
26/11/2025,PHa,3,s12,489,A3800: Site / workshop
26/11/2025,PHa,3,s12,489,A3850: Site / workshop
27/11/2025,AFe,2,s11,489,A3650: Technical review
27/11/2025,ANi,1,s11,489,A3660: CAD / modelling
27/11/2025,EBa,1,s11,489,A3670: Report / deliverable
27/11/2025,EBa,1,s11,489,A3740: Coordination
27/11/2025,MWo,1,s11,489,A3760: Site / workshop
27/11/2025,MWo,2,s12,489,A3860: Site / workshop
27/11/2025,MWo,2,s12,489,A3840: Technical review
27/11/2025,MWo,3,s12,489,A3820: Design development
27/11/2025,PHa,4,s12,489,A3870: CAD / modelling
28/11/2025,AFe,1,s11,489,A3720: Design development
28/11/2025,AFe,2,s11,489,A3790: Coordination
28/11/2025,ANi,1,s11,489,A3730: Technical review
28/11/2025,ANi,2,s11,489,A3630: Site / workshop
28/11/2025,EBa,1,s11,489,A3640: Coordination
28/11/2025,LCh,1,s11,489,A3750: Design development
28/11/2025,LCh,1,s11,489,A3650: CAD / modelling
28/11/2025,MWo,1,s11,489,A3660: Technical review
28/11/2025,PHa,4,s12,489,A3830: Report / deliverable
01/12/2025,AFe,2,s11,489,A3690: Design development
01/12/2025,EBa,1,s11,489,A3710: Report / deliverable
01/12/2025,LCh,2,s11,489,A3790: Coordination
01/12/2025,MWo,1,s11,489,A3730: Technical review
01/12/2025,MWo,2,s12,489,A3800: Report / deliverable
02/12/2025,EBa,1,s11,489,A3680: CAD / modelling
02/12/2025,LCh,2,s11,489,A3720: Coordination
02/12/2025,PHa,3,s12,489,A3810: Report / deliverable
03/12/2025,AFe,2,s11,489,A3760: Technical review
03/12/2025,AFe,2,s11,489,A3670: CAD / modelling (late booking)
03/12/2025,ANi,1,s11,489,A3740: Site / workshop
03/12/2025,EBa,1,s11,489,A3780: Coordination
03/12/2025,EBa,1,s11,489,A3750: Site / workshop
03/12/2025,LCh,2,s11,489,A3690: CAD / modelling
03/12/2025,MWo,1,s11,489,A3770: Coordination
03/12/2025,PHa,3,s12,489,A3860: CAD / modelling
04/12/2025,AFe,1,s11,489,A3660: CAD / modelling
04/12/2025,ANi,1,s11,489,A3670: Design development
04/12/2025,MWo,1,s11,489,A3700: CAD / modelling
04/12/2025,MWo,1,s11,489,A3670: Design development
04/12/2025,MWo,2,s12,489,A3850: Coordination
04/12/2025,MWo,2,s12,489,A3830: Site / workshop
05/12/2025,AFe,1,s11,489,A3730: CAD / modelling
05/12/2025,AFe,1,s11,489,A3630: CAD / modelling
05/12/2025,ANi,1,s11,489,A3640: Design development
05/12/2025,EBa,1,s11,489,A3650: Coordination
05/12/2025,LCh,2,s11,489,A3760: Report / deliverable
05/12/2025,LCh,1,s11,489,A3660: Coordination
05/12/2025,MWo,2,s12,489,A3810: Coordination
05/12/2025,PHa,4,s12,489,A3880: Report / deliverable — overspend week
05/12/2025,PHa,4,s12,489,A3840: Coordination
05/12/2025,PHa,3,s12,489,A3820: Report / deliverable
08/12/2025,AFe,1,s11,489,A3700: Design development
08/12/2025,ANi,1,s11,489,A3780: Report / deliverable
08/12/2025,EBa,1,s11,489,A3720: Report / deliverable
08/12/2025,MWo,2,s12,489,A3880: CAD / modelling
08/12/2025,PHa,3,s12,489,A3800: Technical review
09/12/2025,ANi,1,s11,489,A3680: Report / deliverable
09/12/2025,LCh,1,s11,489,A3730: Report / deliverable
09/12/2025,MWo,1,s11,489,A3740: Technical review
09/12/2025,MWo,1,s11,489,A3640: Technical review
09/12/2025,PHa,3,s12,489,A3870: Report / deliverable
10/12/2025,AFe,1,s11,489,A3770: Technical review
10/12/2025,AFe,1,s11,489,A3740: Site / workshop
10/12/2025,ANi,2,s11,489,A3750: CAD / modelling
10/12/2025,EBa,1,s11,489,A3790: Site / workshop
10/12/2025,LCh,2,s11,489,A3630: Report / deliverable
10/12/2025,MWo,1,s11,489,A3710: Design development
10/12/2025,MWo,1,s11,489,A3780: Coordination
10/12/2025,MWo,2,s12,489,A3860: Design development
10/12/2025,MWo,2,s12,489,A3820: Coordination
10/12/2025,PHa,4,s12,489,A3850: Report / deliverable
10/12/2025,PHa,4,s12,489,A3830: Coordination
11/12/2025,EBa,1,s11,489,A3690: Design development
11/12/2025,LCh,2,s11,489,A3700: Report / deliverable
11/12/2025,MWo,1,s11,489,A3680: Report / deliverable
11/12/2025,MWo,2,s12,489,A3840: Technical review
12/12/2025,AFe,1,s11,489,A3640: Technical review
12/12/2025,ANi,2,s11,489,A3650: Design development
12/12/2025,EBa,1,s11,489,A3760: Design development
12/12/2025,EBa,1,s11,489,A3660: Report / deliverable
12/12/2025,LCh,1,s11,489,A3770: Design development
12/12/2025,LCh,1,s11,489,A3670: Report / deliverable
12/12/2025,PHa,4,s12,489,A3810: Design development
13/12/2025,MWo,2,s12,489,A3800: Site / workshop — overspend week
15/12/2025,AFe,2,s11,489,A3710: CAD / modelling
15/12/2025,LCh,1,s11,489,A3740: Design development
15/12/2025,LCh,2,s11,489,A3640: CAD / modelling
15/12/2025,MWo,2,s12,489,A3850: Coordination
15/12/2025,PHa,4,s12,489,A3880: Coordination
16/12/2025,AFe,2,s11,489,A3780: Coordination
16/12/2025,AFe,1,s11,489,A3680: Report / deliverable
16/12/2025,ANi,1,s11,489,A3770: Design development (late booking)
16/12/2025,ANi,1,s11,489,A3710: Coordination — overspend week
16/12/2025,ANi,1,s11,489,A3720: Design development
16/12/2025,EBa,1,s11,489,A3730: CAD / modelling
16/12/2025,EBa,1,s11,489,A3630: Site / workshop
16/12/2025,EBa,1,s11,489,A3700: CAD / modelling
16/12/2025,MWo,1,s11,489,A3750: Report / deliverable
16/12/2025,MWo,1,s11,489,A3650: Technical review
16/12/2025,MWo,2,s12,489,A3870: Site / workshop (late booking)
16/12/2025,MWo,2,s12,489,A3870: Report / deliverable
17/12/2025,ANi,1,s11,489,A3790: Site / workshop
17/12/2025,ANi,1,s11,489,A3690: Technical review
17/12/2025,MWo,1,s11,489,A3720: Report / deliverable
17/12/2025,PHa,4,s12,489,A3860: Design development
17/12/2025,PHa,4,s12,489,A3840: Site / workshop
18/12/2025,ANi,1,s11,489,A3760: Report / deliverable
18/12/2025,LCh,2,s11,489,A3710: Site / workshop
18/12/2025,MWo,1,s11,489,A3790: CAD / modelling
18/12/2025,MWo,1,s11,489,A3690: CAD / modelling
18/12/2025,MWo,2,s12,489,A3830: Site / workshop
18/12/2025,MWo,2,s12,489,A3810: Report / deliverable
18/12/2025,PHa,4,s12,489,A3800: Design development
19/12/2025,AFe,2,s11,489,A3750: Coordination
19/12/2025,AFe,1,s11,489,A3650: CAD / modelling
19/12/2025,ANi,1,s11,489,A3660: Technical review
19/12/2025,EBa,1,s11,489,A3770: Report / deliverable
19/12/2025,EBa,1,s11,489,A3670: Report / deliverable
19/12/2025,LCh,2,s11,489,A3680: Technical review
19/12/2025,MWo,2,s12,489,A3880: Design development
19/12/2025,PHa,4,s12,489,A3820: Report / deliverable
22/12/2025,EBa,1,s11,489,A3740: Site / workshop
22/12/2025,MWo,1,s11,489,A3760: Report / deliverable
22/12/2025,MWo,2,s12,489,A3840: Site / workshop
22/12/2025,PHa,4,s12,489,A3850: Design development
23/12/2025,AFe,2,s11,489,A3790: CAD / modelling
23/12/2025,AFe,1,s11,489,A3690: Report / deliverable
23/12/2025,ANi,1,s11,489,A3730: Technical review
23/12/2025,ANi,1,s11,489,A3700: Technical review
23/12/2025,EBa,1,s11,489,A3710: Report / deliverable
23/12/2025,LCh,1,s11,489,A3750: Site / workshop
23/12/2025,MWo,1,s11,489,A3660: Design development
23/12/2025,MWo,2,s12,489,A3860: Design development
24/12/2025,AFe,1,s11,489,A3760: CAD / modelling
24/12/2025,ANi,1,s11,489,A3630: Site / workshop
24/12/2025,EBa,1,s11,489,A3780: Report / deliverable
24/12/2025,MWo,1,s11,489,A3630: CAD / modelling
24/12/2025,MWo,2,s12,489,A3800: Coordination
24/12/2025,PHa,4,s12,489,A3830: Coordination
25/12/2025,LCh,2,s11,489,A3720: Report / deliverable
25/12/2025,LCh,1,s11,489,A3790: CAD / modelling
25/12/2025,LCh,1,s11,489,A3690: Site / workshop
25/12/2025,MWo,1,s11,489,A3730: Site / workshop
25/12/2025,MWo,2,s12,489,A3820: Site / workshop
25/12/2025,PHa,4,s12,489,A3810: Site / workshop
25/12/2025,PHa,4,s12,489,A3880: Design development
26/12/2025,AFe,1,s11,489,A3660: CAD / modelling
26/12/2025,ANi,2,s11,489,A3670: Site / workshop
26/12/2025,EBa,1,s11,489,A3680: Site / workshop
26/12/2025,MWo,1,s11,489,A3700: Report / deliverable
26/12/2025,MWo,2,s12,489,A3870: Site / workshop
29/12/2025,AFe,1,s11,489,A3790: Site / workshop
29/12/2025,ANi,1,s11,489,A3740: Site / workshop
29/12/2025,LCh,2,s11,489,A3750: Report / deliverable
29/12/2025,LCh,2,s11,489,A3640: Design development
29/12/2025,MWo,1,s11,489,A3760: Site / workshop
29/12/2025,MWo,2,s12,489,A3810: Design development
29/12/2025,PHa,3,s12,489,A3850: Site / workshop
30/12/2025,AFe,1,s11,489,A3730: Report / deliverable
30/12/2025,AFe,1,s11,489,A3680: Coordination
30/12/2025,EBa,1,s11,489,A3640: Report / deliverable (late booking)
30/12/2025,EBa,1,s11,489,A3700: Coordination
30/12/2025,LCh,1,s11,489,A3650: Site / workshop (late booking)
30/12/2025,MWo,1,s11,489,A3720: Report / deliverable
30/12/2025,MWo,2,s12,489,A3840: Coordination
31/12/2025,AFe,1,s11,489,A3720: Design development — overspend week
31/12/2025,ANi,1,s11,489,A3630: Site / workshop
31/12/2025,ANi,1,s11,489,A3690: Technical review
31/12/2025,ANi,1,s11,489,A3760: Design development
31/12/2025,EBa,1,s11,489,A3770: Coordination
31/12/2025,LCh,2,s11,489,A3710: Design development
31/12/2025,MWo,2,s12,489,A3880: Design development
31/12/2025,MWo,2,s12,489,A3860: Report / deliverable
31/12/2025,PHa,3,s12,489,A3820: Coordination
01/01/2026,AFe,1,s11,489,A3650: Report / deliverable
01/01/2026,ANi,1,s11,489,A3770: Report / deliverable (late booking)
01/01/2026,ANi,1,s11,489,A3660: Technical review
01/01/2026,LCh,1,s11,489,A3780: Design development (late booking)
01/01/2026,LCh,1,s11,489,A3780: Report / deliverable
01/01/2026,PHa,5,s12,489,A3870: Technical review — overspend week
01/01/2026,PHa,4,s12,489,A3800: Report / deliverable
02/01/2026,AFe,1,s11,489,A3750: Coordination
02/01/2026,EBa,1,s11,489,A3670: Technical review
02/01/2026,LCh,1,s11,489,A3680: Design development
02/01/2026,MWo,1,s11,489,A3790: Site / workshop
02/01/2026,MWo,1,s11,489,A3690: Design development
02/01/2026,MWo,2,s12,489,A3840: Report / deliverable
02/01/2026,PHa,3,s12,489,A3870: Coordination
02/01/2026,PHa,3,s12,489,A3850: Site / workshop
05/01/2026,AFe,1,s11,489,A3720: Technical review
05/01/2026,ANi,1,s11,489,A3730: Technical review
05/01/2026,ANi,1,s11,489,A3630: Technical review
05/01/2026,EBa,1,s11,489,A3740: Technical review
05/01/2026,LCh,2,s11,489,A3640: Technical review
05/01/2026,MWo,2,s11,489,A3650: Design development
06/01/2026,AFe,2,s11,489,A3790: CAD / modelling
06/01/2026,AFe,1,s11,489,A3680: Design development
06/01/2026,ANi,1,s11,489,A3690: Coordination
06/01/2026,LCh,2,s11,489,A3750: Coordination
06/01/2026,MWo,1,s11,489,A3650: Site / workshop (late booking)
06/01/2026,MWo,1,s11,489,A3760: Coordination
06/01/2026,MWo,2,s12,489,A3820: CAD / modelling
06/01/2026,MWo,2,s12,489,A3880: CAD / modelling
06/01/2026,PHa,4,s12,489,A3830: Report / deliverable
07/01/2026,EBa,1,s11,489,A3700: CAD / modelling
07/01/2026,EBa,1,s11,489,A3770: Coordination
07/01/2026,LCh,2,s11,489,A3710: Technical review
07/01/2026,LCh,1,s11,489,A3780: Report / deliverable
07/01/2026,MWo,1,s11,489,A3720: Site / workshop
07/01/2026,MWo,1,s11,489,A3790: Coordination
07/01/2026,MWo,2,s12,489,A3860: CAD / modelling
07/01/2026,PHa,3,s12,489,A3800: Site / workshop
07/01/2026,PHa,3,s12,489,A3870: Site / workshop
08/01/2026,EBa,1,s11,489,A3670: CAD / modelling
08/01/2026,MWo,1,s11,489,A3690: Design development
08/01/2026,MWo,2,s12,489,A3820: Technical review
09/01/2026,AFe,2,s11,489,A3650: Technical review
09/01/2026,ANi,1,s11,489,A3660: Technical review — overspend week
09/01/2026,LCh,1,s11,489,A3680: Coordination
09/01/2026,MWo,2,s12,489,A3840: Technical review
09/01/2026,PHa,4,s12,489,A3830: CAD / modelling
12/01/2026,AFe,2,s11,489,A3720: Site / workshop
12/01/2026,AFe,1,s11,489,A3790: Report / deliverable
12/01/2026,ANi,1,s11,489,A3630: CAD / modelling
12/01/2026,EBa,1,s11,489,A3640: CAD / modelling
12/01/2026,LCh,1,s11,489,A3750: Design development
12/01/2026,MWo,1,s11,489,A3660: CAD / modelling
12/01/2026,MWo,2,s12,489,A3800: Site / workshop
12/01/2026,PHa,4,s12,489,A3880: Technical review
13/01/2026,AFe,1,s11,489,A3690: Coordination
13/01/2026,ANi,1,s11,489,A3730: Technical review
13/01/2026,ANi,1,s11,489,A3700: Report / deliverable
13/01/2026,EBa,1,s11,489,A3740: Design development
13/01/2026,EBa,1,s11,489,A3710: Coordination
13/01/2026,LCh,2,s11,489,A3650: CAD / modelling
13/01/2026,MWo,1,s11,489,A3760: Report / deliverable
13/01/2026,MWo,2,s12,489,A3870: CAD / modelling
13/01/2026,MWo,2,s12,489,A3850: CAD / modelling
13/01/2026,PHa,3,s12,489,A3810: Technical review
14/01/2026,LCh,1,s11,489,A3790: Technical review
14/01/2026,MWo,1,s11,489,A3730: Report / deliverable
14/01/2026,MWo,2,s12,489,A3830: Site / workshop
14/01/2026,PHa,3,s12,489,A3860: Coordination
14/01/2026,TRe,2,s14,489,A4090: Design development (late booking)
15/01/2026,ANi,1,s11,489,A3760: CAD / modelling (late booking)
15/01/2026,ANi,1,s11,489,A3770: Report / deliverable
15/01/2026,EBa,1,s11,489,A3680: Report / deliverable (late booking)
15/01/2026,LCh,2,s11,489,A3720: Report / deliverable
15/01/2026,MWo,1,s11,489,A3690: CAD / modelling
15/01/2026,PHa,3,s12,489,A3840: Coordination
16/01/2026,AFe,1,s11,489,A3760: Design development
16/01/2026,AFe,1,s11,489,A3660: Site / workshop
16/01/2026,ANi,1,s11,489,A3670: Design development
16/01/2026,LCh,1,s11,489,A3680: Report / deliverable
16/01/2026,MWo,2,s11,489,A3630: Coordination
16/01/2026,MWo,2,s12,489,A3800: Report / deliverable
16/01/2026,PHa,4,s12,489,A3810: Report / deliverable
18/01/2026,EBa,1,s11,489,A3780: Technical review — overspend week
19/01/2026,AFe,2,s11,489,A3720: Coordination
19/01/2026,AFe,2,s11,489,A3790: Design development
19/01/2026,ANi,1,s11,489,A3630: CAD / modelling
19/01/2026,EBa,1,s11,489,A3740: Technical review
19/01/2026,EBa,1,s11,489,A3640: CAD / modelling
19/01/2026,LCh,1,s11,489,A3650: Technical review
19/01/2026,MWo,1,s11,489,A3760: Report / deliverable
19/01/2026,PHa,3,s12,489,A3860: Report / deliverable
20/01/2026,AFe,1,s11,489,A3710: Technical review
20/01/2026,LCh,2,s11,489,A3750: Site / workshop
20/01/2026,LCh,2,s11,489,A3740: CAD / modelling
20/01/2026,MWo,1,s11,489,A3660: Site / workshop
20/01/2026,MWo,2,s12,489,A3870: Site / workshop
20/01/2026,MWo,2,s12,489,A3850: Site / workshop
20/01/2026,PHa,4,s12,489,A3880: Report / deliverable
20/01/2026,KLa,3,s13,489,A4030: Site / workshop (late booking)
21/01/2026,AFe,2,s11,489,A3660: Report / deliverable
21/01/2026,ANi,1,s11,489,A3720: Report / deliverable
21/01/2026,ANi,1,s11,489,A3670: Report / deliverable
21/01/2026,MWo,2,s12,489,A3850: Coordination
21/01/2026,PHa,4,s12,489,A3860: Coordination
21/01/2026,SSi,7,s13,489,A3890: CAD / modelling
21/01/2026,SSi,4,s14,489,A4140: CAD / modelling
21/01/2026,TRe,3,s14,489,A4150: Coordination
22/01/2026,AFe,1,s11,489,A3750: Coordination (late booking)
22/01/2026,AFe,2,s11,489,A3780: Report / deliverable
22/01/2026,ANi,1,s11,489,A3790: Report / deliverable
22/01/2026,EBa,1,s11,489,A3730: Design development
22/01/2026,LCh,2,s11,489,A3690: Coordination
22/01/2026,MWo,1,s11,489,A3750: CAD / modelling
22/01/2026,MWo,1,s11,489,A3730: Design development (late booking)
22/01/2026,PHa,3,s12,489,A3850: Technical review (late booking)
22/01/2026,ARa,3,s13,489,A4050: Technical review
22/01/2026,ARa,3,s13,489,A3990: Report / deliverable
22/01/2026,KLa,3,s13,489,A4000: CAD / modelling
22/01/2026,SSi,5,s14,489,A4080: Design development
22/01/2026,TRe,2,s14,489,A4120: Report / deliverable
23/01/2026,LCh,1,s11,489,A3630: Report / deliverable
23/01/2026,MWo,1,s11,489,A3700: Report / deliverable
23/01/2026,MWo,1,s11,489,A3640: Coordination
23/01/2026,MWo,2,s12,489,A3880: Design development
23/01/2026,MWo,2,s12,489,A3810: Coordination
23/01/2026,PHa,4,s12,489,A3800: Coordination
23/01/2026,PHa,4,s12,489,A3820: CAD / modelling
23/01/2026,ARa,4,s13,489,A3920: Site / workshop
23/01/2026,SSi,7,s13,489,A4010: Design development
23/01/2026,SSi,7,s13,489,A3940: Technical review
23/01/2026,SSi,5,s14,489,A4110: Report / deliverable
23/01/2026,SSi,5,s14,489,A4130: Technical review
23/01/2026,TRe,2,s14,489,A4140: Site / workshop
26/01/2026,AFe,1,s11,489,A3720: CAD / modelling
26/01/2026,ANi,2,s11,489,A3730: Report / deliverable
26/01/2026,EBa,1,s11,489,A3740: Report / deliverable
26/01/2026,LCh,1,s11,489,A3750: Site / workshop
26/01/2026,LCh,2,s11,489,A3740: Coordination
26/01/2026,MWo,1,s11,489,A3750: Site / workshop
26/01/2026,MWo,2,s12,489,A3840: Report / deliverable
26/01/2026,MWo,2,s12,489,A3820: CAD / modelling
26/01/2026,PHa,4,s12,489,A3850: Coordination
26/01/2026,KLa,3,s13,489,A4050: Report / deliverable
26/01/2026,TRe,2,s14,489,A4080: Technical review
26/01/2026,TRe,3,s14,489,A4150: Site / workshop
26/01/2026,ANi,1,s15,489,A4220: Site / workshop (late booking)
26/01/2026,PHa,6,s17,489,A4440: CAD / modelling
26/01/2026,SFl,8,s17,489,A4470: Site / workshop
27/01/2026,AFe,2,s11,489,A3710: Technical review
27/01/2026,ANi,1,s11,489,A3710: Design development
27/01/2026,EBa,1,s11,489,A3730: CAD / modelling
27/01/2026,MWo,1,s11,489,A3760: CAD / modelling
27/01/2026,PHa,3,s12,489,A3830: Design development
27/01/2026,ARa,4,s13,489,A4040: Report / deliverable
27/01/2026,ARa,4,s13,489,A4020: Site / workshop
27/01/2026,ARa,4,s13,489,A4000: Report / deliverable
27/01/2026,KLa,3,s13,489,A4010: Report / deliverable
27/01/2026,SSi,7,s13,489,A4060: Design development
27/01/2026,SSi,7,s13,489,A4040: CAD / modelling
27/01/2026,SSi,4,s14,489,A4140: Design development
27/01/2026,ANa,3,s17,489,A4430: Coordination
27/01/2026,ANa,2,s17,489,A4450: Report / deliverable
27/01/2026,PHa,6,s17,489,A4460: CAD / modelling
27/01/2026,SFl,8,s17,489,A4450: Technical review
27/01/2026,SFl,8,s17,489,A4350: Report / deliverable
27/01/2026,SFl,8,s17,489,A4450: Report / deliverable (late booking)
27/01/2026,SSi,3,s17,489,A4480: Design development
28/01/2026,AFe,1,s11,489,A3690: Design development
28/01/2026,ANi,1,s11,489,A3720: Design development
28/01/2026,EBa,1,s11,489,A3710: Design development
28/01/2026,MWo,2,s12,489,A3870: Technical review
28/01/2026,PHa,4,s12,489,A3810: Site / workshop
28/01/2026,KLa,3,s13,489,A4060: Design development (late booking)
28/01/2026,SSi,7,s13,489,A4000: Site / workshop
28/01/2026,SSi,5,s14,489,A4120: CAD / modelling
28/01/2026,SSi,5,s14,489,A4100: Report / deliverable
28/01/2026,TRe,2,s14,489,A4130: Technical review
28/01/2026,ANa,3,s17,489,A4470: Site / workshop
28/01/2026,PHa,6,s17,489,A4360: Site / workshop
28/01/2026,SSi,3,s17,489,A4360: CAD / modelling
29/01/2026,AFe,1,s11,489,A3700: Design development
29/01/2026,LCh,1,s11,489,A3730: CAD / modelling
29/01/2026,LCh,1,s11,489,A3720: Design development
29/01/2026,MWo,2,s12,489,A3800: Report / deliverable
29/01/2026,MWo,2,s12,489,A3850: Design development
29/01/2026,PHa,3,s12,489,A3880: Design development
29/01/2026,PHa,4,s12,489,A3860: Coordination
29/01/2026,KLa,2,s13,489,A3990: Design development
29/01/2026,SSi,7,s13,489,A4020: CAD / modelling
29/01/2026,SSi,5,s14,489,A4080: Report / deliverable
29/01/2026,TRe,2,s14,489,A4110: Design development
29/01/2026,TRe,2,s14,489,A4090: Technical review
29/01/2026,ANa,2,s17,489,A4350: Design development
29/01/2026,ANa,3,s17,489,A4370: Report / deliverable
29/01/2026,PHa,6,s17,489,A4480: Design development
30/01/2026,ANi,1,s11,489,A3700: Design development
30/01/2026,ANi,1,s11,489,A3690: CAD / modelling
30/01/2026,ANi,1,s11,489,A3650: Coordination (late booking)
30/01/2026,EBa,1,s11,489,A3700: Site / workshop
30/01/2026,LCh,2,s11,489,A3710: CAD / modelling
30/01/2026,MWo,1,s11,489,A3720: Design development
30/01/2026,ARa,4,s13,489,A3980: Coordination
30/01/2026,ARa,4,s13,489,A3960: CAD / modelling
30/01/2026,KLa,3,s13,489,A3930: Technical review (late booking)
30/01/2026,KLa,3,s13,489,A3970: Technical review
30/01/2026,SSi,8,s13,489,A3980: Technical review
30/01/2026,PHa,6,s17,489,A4380: Technical review
30/01/2026,SFl,8,s17,489,A4370: Technical review
30/01/2026,SFl,8,s17,489,A4390: CAD / modelling
30/01/2026,SSi,3,s17,489,A4380: CAD / modelling
30/01/2026,SSi,3,s17,489,A4400: Technical review
02/02/2026,AFe,1,s11,489,A3670: CAD / modelling
02/02/2026,ANi,1,s11,489,A3730: CAD / modelling (late booking)
02/02/2026,ANi,2,s11,489,A3680: Design development
02/02/2026,EBa,1,s11,489,A3690: Design development
02/02/2026,LCh,1,s11,489,A3700: CAD / modelling
02/02/2026,MWo,1,s11,489,A3710: CAD / modelling
02/02/2026,PHa,3,s12,489,A3840: Site / workshop
02/02/2026,PHa,3,s12,489,A3830: Report / deliverable
02/02/2026,ARa,4,s13,489,A3940: Report / deliverable
02/02/2026,ARa,4,s13,489,A4020: Coordination
02/02/2026,SSi,1,s13,489,A3980: Technical review (cont.)
02/02/2026,SSi,8,s13,489,A4040: Coordination
02/02/2026,SSi,5,s14,489,A4070: Design development (late booking)
02/02/2026,SSi,4,s14,489,A4150: Coordination
02/02/2026,DMo,1,s15,489,A4240: CAD / modelling
02/02/2026,PHa,6,s17,489,A4480: Coordination
02/02/2026,SFl,8,s17,489,A4350: Report / deliverable
02/02/2026,SSi,3,s17,489,A4460: Report / deliverable (late booking)
02/02/2026,SSi,3,s17,489,A4360: Coordination
02/02/2026,AMa,3,s18,489,A4610: Report / deliverable
02/02/2026,SSi,8,s18,489,A4540: Report / deliverable
03/02/2026,ANi,2,s11,489,A3770: Site / workshop
03/02/2026,LCh,1,s11,489,A3790: Technical review
03/02/2026,MWo,2,s12,489,A3830: Report / deliverable
03/02/2026,PHa,4,s12,489,A3800: Site / workshop
03/02/2026,ARa,4,s13,489,A3900: Site / workshop
03/02/2026,KLa,3,s13,489,A3950: Report / deliverable
03/02/2026,SSi,8,s13,489,A3960: Site / workshop
03/02/2026,SSi,4,s14,489,A4140: Coordination
03/02/2026,SSi,5,s14,489,A4110: Design development
03/02/2026,TRe,2,s14,489,A4070: CAD / modelling
03/02/2026,ANa,3,s15,489,A4210: CAD / modelling
03/02/2026,ANa,3,s15,489,A4210: Coordination
03/02/2026,APe,1,s15,489,A4230: CAD / modelling
03/02/2026,PHa,2,s15,489,A4260: Site / workshop
03/02/2026,PHa,2,s15,489,A4200: Technical review
03/02/2026,PHa,3,s15,489,A4240: CAD / modelling
03/02/2026,SSi,3,s16,489,A4330: Site / workshop
03/02/2026,SSi,3,s16,489,A4330: Site / workshop
03/02/2026,SSi,3,s16,489,A4330: Report / deliverable
03/02/2026,TRe,1,s16,489,A4340: Coordination
03/02/2026,ANa,2,s17,489,A4470: Report / deliverable
03/02/2026,ANa,3,s17,489,A4430: Site / workshop
03/02/2026,ANa,3,s17,489,A4390: Coordination
03/02/2026,PHa,6,s17,489,A4400: Report / deliverable
03/02/2026,SSi,3,s17,489,A4460: Design development
03/02/2026,AMa,2,s18,489,A4530: Report / deliverable
03/02/2026,AMa,2,s18,489,A4580: Design development (late booking)
03/02/2026,SSi,1,s18,489,A4540: Report / deliverable (cont.)
04/02/2026,AFe,1,s11,489,A3760: Coordination
04/02/2026,AFe,1,s11,489,A3660: Report / deliverable
04/02/2026,AFe,2,s11,489,A3730: Coordination
04/02/2026,EBa,1,s11,489,A3780: Site / workshop
04/02/2026,EBa,1,s11,489,A3680: Site / workshop
04/02/2026,EBa,1,s11,489,A3750: Site / workshop
04/02/2026,MWo,1,s11,489,A3740: Design development (late booking)
04/02/2026,MWo,1,s11,489,A3630: CAD / modelling
04/02/2026,MWo,2,s12,489,A3820: Site / workshop
04/02/2026,KLa,3,s13,489,A4030: CAD / modelling
04/02/2026,KLa,3,s13,489,A3910: Report / deliverable
04/02/2026,KLa,3,s13,489,A3970: Design development
04/02/2026,TRe,2,s14,489,A4150: Site / workshop
04/02/2026,ANa,3,s15,489,A4170: Technical review
04/02/2026,ANi,1,s15,489,A4180: CAD / modelling
04/02/2026,ANi,1,s15,489,A4220: Site / workshop
04/02/2026,ANi,1,s15,489,A4260: CAD / modelling
04/02/2026,DMo,1,s15,489,A4190: Design development
04/02/2026,DMo,1,s15,489,A4230: Site / workshop
04/02/2026,DMo,1,s15,489,A4180: Report / deliverable
04/02/2026,TRe,1,s16,489,A4340: Design development
04/02/2026,PHa,6,s17,489,A4370: Technical review
04/02/2026,SFl,8,s17,489,A4410: Report / deliverable
04/02/2026,SSi,3,s17,489,A4390: Technical review
04/02/2026,AMa,2,s18,489,A4530: Coordination
04/02/2026,SSi,8,s18,489,A4620: Technical review
04/02/2026,SSi,8,s18,489,A4630: Technical review
05/02/2026,ANi,1,s11,489,A3670: Report / deliverable
05/02/2026,LCh,1,s11,489,A3760: Coordination
05/02/2026,MWo,1,s11,489,A3700: Coordination
05/02/2026,MWo,2,s12,489,A3850: Technical review
05/02/2026,PHa,4,s12,489,A3860: Report / deliverable
05/02/2026,ARa,4,s13,489,A4030: Coordination
05/02/2026,SSi,8,s13,489,A4050: Site / workshop
05/02/2026,TRe,2,s14,489,A4120: Site / workshop
05/02/2026,TRe,2,s14,489,A4070: Design development
05/02/2026,APe,1,s15,489,A4170: Coordination
05/02/2026,PHa,3,s15,489,A4230: Site / workshop
05/02/2026,ANa,2,s17,489,A4460: Design development
05/02/2026,SSi,3,s17,489,A4420: Technical review
05/02/2026,SSi,3,s17,489,A4350: Coordination
05/02/2026,AMa,3,s18,489,A4620: Coordination
05/02/2026,SSi,1,s18,489,A4620: Technical review (cont.)
05/02/2026,SSi,8,s18,489,A4540: Report / deliverable
05/02/2026,SSi,1,s18,489,A4630: Technical review (cont.)
06/02/2026,AFe,1,s11,489,A3680: Report / deliverable (late booking)
06/02/2026,AFe,2,s11,489,A3640: Site / workshop
06/02/2026,EBa,1,s11,489,A3660: Technical review
06/02/2026,LCh,2,s11,489,A3670: Coordination
06/02/2026,MWo,1,s11,489,A3770: Coordination
06/02/2026,MWo,1,s11,489,A3680: Coordination
06/02/2026,MWo,2,s12,489,A3830: Site / workshop
06/02/2026,PHa,3,s12,489,A3840: Coordination
06/02/2026,ARa,4,s13,489,A3960: Site / workshop
06/02/2026,KLa,2,s13,489,A4040: Report / deliverable
06/02/2026,SSi,8,s13,489,A3980: Report / deliverable
06/02/2026,SSi,5,s14,489,A4080: CAD / modelling
06/02/2026,SSi,5,s14,489,A4150: Technical review
06/02/2026,TRe,2,s14,489,A4090: Site / workshop
06/02/2026,ANa,3,s15,489,A4250: Technical review
06/02/2026,ANa,3,s15,489,A4200: Site / workshop
06/02/2026,ANi,1,s15,489,A4210: Technical review
06/02/2026,DMo,1,s15,489,A4220: CAD / modelling
06/02/2026,PHa,2,s15,489,A4190: Site / workshop
06/02/2026,SSi,3,s16,489,A4340: Report / deliverable
06/02/2026,SSi,3,s16,489,A4340: CAD / modelling
06/02/2026,ANa,3,s17,489,A4360: Site / workshop
06/02/2026,PHa,6,s17,489,A4470: Design development
06/02/2026,SFl,8,s17,489,A4380: Technical review
06/02/2026,SFl,8,s17,489,A4480: Design development
06/02/2026,AMa,3,s18,489,A4540: CAD / modelling
06/02/2026,SSi,8,s18,489,A4550: Site / workshop
09/02/2026,AFe,1,s11,489,A3710: Technical review
09/02/2026,ANi,1,s11,489,A3720: Coordination
09/02/2026,EBa,1,s11,489,A3730: Report / deliverable
09/02/2026,LCh,1,s11,489,A3740: Technical review
09/02/2026,MWo,1,s11,489,A3750: Report / deliverable
09/02/2026,MWo,2,s12,489,A3800: Design development
09/02/2026,ARa,4,s13,489,A4010: Design development
09/02/2026,SSi,8,s13,489,A3920: CAD / modelling — overspend week
09/02/2026,SSi,5,s14,489,A4120: Site / workshop
09/02/2026,TRe,2,s14,489,A4130: Site / workshop
09/02/2026,TRe,2,s14,489,A4140: Coordination
09/02/2026,ANa,3,s15,489,A4240: Design development
09/02/2026,ANa,3,s15,489,A4220: Site / workshop
09/02/2026,ANi,1,s15,489,A4250: Design development
09/02/2026,DMo,1,s15,489,A4240: Coordination
09/02/2026,PHa,2,s15,489,A4180: Site / workshop
09/02/2026,SSi,3,s16,489,A4270: Report / deliverable
09/02/2026,SSi,3,s16,489,A4300: Site / workshop
09/02/2026,TRe,1,s16,489,A4310: Coordination
09/02/2026,ANa,2,s17,489,A4420: Report / deliverable
09/02/2026,PHa,6,s17,489,A4440: Coordination — overspend week
09/02/2026,PHa,6,s17,489,A4440: Coordination
09/02/2026,PHa,6,s17,489,A4430: Technical review
09/02/2026,SFl,8,s17,489,A4450: CAD / modelling
09/02/2026,SSi,3,s17,489,A4460: Design development
09/02/2026,AMa,2,s18,489,A4630: Report / deliverable
09/02/2026,SSi,1,s18,489,A4550: Site / workshop (cont.)
09/02/2026,SSi,8,s18,489,A4640: Site / workshop
09/02/2026,SSi,8,s18,489,A4560: Site / workshop (late booking)
09/02/2026,ANa,2,s19,489,A4670: CAD / modelling
09/02/2026,ARa,1,s19,489,A4680: Design development
09/02/2026,ARa,1,s19,489,A4680: Coordination
10/02/2026,ANi,2,s11,489,A3760: Site / workshop
10/02/2026,EBa,1,s11,489,A3670: CAD / modelling
10/02/2026,MWo,2,s12,489,A3810: Technical review
10/02/2026,PHa,3,s12,489,A3810: Report / deliverable
10/02/2026,ARa,4,s13,489,A3910: CAD / modelling
10/02/2026,KLa,3,s13,489,A3920: CAD / modelling
10/02/2026,SSi,2,s13,489,A3920: CAD / modelling — overspend week (cont.)
10/02/2026,SSi,8,s13,489,A3930: Technical review
10/02/2026,SSi,8,s13,489,A4030: Design development
10/02/2026,SSi,8,s13,489,A3940: Site / workshop
10/02/2026,SSi,7,s13,489,A3930: Design development (late booking)
10/02/2026,SSi,5,s14,489,A4130: Report / deliverable
10/02/2026,ANa,3,s15,489,A4190: CAD / modelling
10/02/2026,DMo,1,s15,489,A4170: Site / workshop
10/02/2026,PHa,3,s15,489,A4250: Coordination — overspend week
10/02/2026,SSi,3,s16,489,A4330: Design development
10/02/2026,TRe,1,s16,489,A4280: Report / deliverable
10/02/2026,ANa,2,s17,489,A4430: Design development
10/02/2026,SFl,8,s17,489,A4440: Technical review
10/02/2026,SSi,2,s17,489,A4450: CAD / modelling
10/02/2026,SSi,1,s18,489,A4640: Site / workshop (cont.)
10/02/2026,SSi,8,s18,489,A4590: CAD / modelling
10/02/2026,SSi,2,s18,489,A4560: Site / workshop (late booking) (cont.)
10/02/2026,MWo,1,s19,489,A4690: CAD / modelling
11/02/2026,AFe,2,s11,489,A3650: Site / workshop
11/02/2026,ANi,1,s11,489,A3660: Site / workshop
11/02/2026,EBa,1,s11,489,A3720: Report / deliverable (late booking)
11/02/2026,LCh,1,s11,489,A3680: Site / workshop
11/02/2026,LCh,1,s11,489,A3700: Report / deliverable
11/02/2026,MWo,1,s11,489,A3690: Technical review
11/02/2026,MWo,2,s12,489,A3880: CAD / modelling (late booking)
11/02/2026,MWo,2,s12,489,A3810: Technical review
11/02/2026,PHa,4,s12,489,A3820: CAD / modelling
11/02/2026,PHa,4,s12,489,A3820: CAD / modelling
11/02/2026,PHa,3,s12,489,A3810: Design development
11/02/2026,ARa,4,s13,489,A3920: CAD / modelling
11/02/2026,KLa,3,s13,489,A4020: Report / deliverable
11/02/2026,KLa,3,s13,489,A3930: CAD / modelling
11/02/2026,SSi,1,s13,489,A3930: Technical review (cont.)
11/02/2026,SSi,8,s13,489,A4020: Report / deliverable
11/02/2026,SSi,5,s14,489,A4130: CAD / modelling
11/02/2026,TRe,2,s14,489,A4130: Site / workshop
11/02/2026,ANi,1,s15,489,A4230: Coordination
11/02/2026,ANi,1,s15,489,A4200: Design development
11/02/2026,DMo,1,s15,489,A4170: Report / deliverable
11/02/2026,PHa,2,s15,489,A4220: Report / deliverable
11/02/2026,PHa,2,s15,489,A4190: Report / deliverable
11/02/2026,TRe,1,s16,489,A4340: Design development
11/02/2026,TRe,1,s16,489,A4290: Design development
11/02/2026,ANa,2,s17,489,A4400: CAD / modelling
11/02/2026,PHa,6,s17,489,A4410: Report / deliverable
11/02/2026,SFl,8,s17,489,A4430: Technical review
11/02/2026,SFl,8,s17,489,A4420: Design development
11/02/2026,AMa,3,s18,489,A4530: Technical review
11/02/2026,SSi,8,s18,489,A4490: Site / workshop
11/02/2026,ANa,1,s19,489,A4670: Site / workshop
11/02/2026,ANa,2,s19,489,A4670: CAD / modelling
11/02/2026,ARa,1,s19,489,A4680: Site / workshop
11/02/2026,MWo,1,s19,489,A4690: Design development
12/02/2026,AFe,1,s11,489,A3750: Design development
12/02/2026,AFe,1,s11,489,A3670: Design development
12/02/2026,ANi,2,s11,489,A3680: Site / workshop
12/02/2026,EBa,1,s11,489,A3770: Site / workshop
12/02/2026,EBa,1,s11,489,A3690: CAD / modelling
12/02/2026,LCh,2,s11,489,A3780: Coordination
12/02/2026,LCh,1,s11,489,A3640: Coordination
12/02/2026,MWo,1,s11,489,A3790: Technical review
12/02/2026,MWo,1,s11,489,A3710: Report / deliverable
12/02/2026,MWo,1,s11,489,A3650: Site / workshop
12/02/2026,MWo,2,s12,489,A3800: Technical review
12/02/2026,MWo,2,s12,489,A3810: CAD / modelling
12/02/2026,PHa,3,s12,489,A3820: Site / workshop
12/02/2026,ARa,4,s13,489,A4000: CAD / modelling
12/02/2026,ARa,4,s13,489,A3920: Design development
12/02/2026,KLa,4,s13,489,A3930: Technical review
12/02/2026,TRe,2,s14,489,A4140: Technical review
12/02/2026,ANa,3,s15,489,A4230: Technical review
12/02/2026,ANi,1,s15,489,A4260: CAD / modelling
12/02/2026,JWr,1,s15,489,A4180: Technical review
12/02/2026,SSi,3,s16,489,A4280: Technical review
12/02/2026,SSi,3,s16,489,A4330: Design development
12/02/2026,TRe,1,s16,489,A4340: Design development
12/02/2026,TRe,1,s16,489,A4340: Site / workshop (late booking)
12/02/2026,ANa,2,s17,489,A4410: CAD / modelling
12/02/2026,PHa,6,s17,489,A4420: Technical review
12/02/2026,PHa,6,s17,489,A4420: Design development
12/02/2026,SFl,8,s17,489,A4430: Site / workshop
12/02/2026,SSi,1,s18,489,A4490: Site / workshop (cont.)
12/02/2026,ARa,1,s19,489,A4680: Design development
12/02/2026,ARa,1,s19,489,A4700: CAD / modelling
13/02/2026,AFe,2,s11,489,A3780: Site / workshop
13/02/2026,ANi,1,s11,489,A3790: Technical review
13/02/2026,EBa,1,s11,489,A3630: Coordination
13/02/2026,KLa,3,s13,489,A4010: Site / workshop
13/02/2026,SSi,8,s13,489,A3940: Technical review
13/02/2026,SSi,5,s14,489,A4130: Coordination
13/02/2026,TRe,3,s14,489,A4140: CAD / modelling
13/02/2026,ANa,3,s15,489,A4250: Technical review
13/02/2026,ANa,3,s15,489,A4260: Design development (late booking)
13/02/2026,ANi,1,s15,489,A4240: CAD / modelling
13/02/2026,APe,1,s15,489,A4250: Design development
13/02/2026,DMo,1,s15,489,A4260: CAD / modelling
13/02/2026,JWr,1,s15,489,A4170: Coordination
13/02/2026,PHa,2,s15,489,A4180: Design development
13/02/2026,ANa,2,s17,489,A4410: Design development
13/02/2026,SSi,3,s17,489,A4440: Design development
13/02/2026,SSi,3,s17,489,A4360: Report / deliverable (late booking)
13/02/2026,AMa,3,s18,489,A4640: Site / workshop
13/02/2026,AMa,3,s18,489,A4610: Report / deliverable
13/02/2026,SSi,8,s18,489,A4620: Coordination
13/02/2026,ANa,2,s19,489,A4690: Report / deliverable
13/02/2026,MWo,1,s19,489,A4690: Technical review
14/02/2026,JWr,1,s15,489,A4250: Technical review — overspend week
16/02/2026,AFe,1,s11,489,A3720: Report / deliverable
16/02/2026,AFe,1,s11,489,A3640: Technical review
16/02/2026,ANi,1,s11,489,A3740: Site / workshop — overspend week
16/02/2026,LCh,1,s11,489,A3750: Report / deliverable
16/02/2026,MWo,2,s12,489,A3800: CAD / modelling
16/02/2026,PHa,3,s12,489,A3830: Site / workshop
16/02/2026,PHa,3,s12,489,A3810: Design development
16/02/2026,ARa,4,s13,489,A4020: Site / workshop
16/02/2026,TRe,2,s14,489,A4150: Coordination
16/02/2026,TRe,2,s14,489,A4130: CAD / modelling
16/02/2026,ANa,3,s15,489,A4210: Site / workshop
16/02/2026,ANa,3,s15,489,A4260: CAD / modelling
16/02/2026,DMo,1,s15,489,A4230: Design development
16/02/2026,DMo,1,s15,489,A4180: Technical review
16/02/2026,SSi,2,s16,489,A4270: Coordination
16/02/2026,TRe,1,s16,489,A4270: Technical review — overspend week
16/02/2026,TRe,1,s16,489,A4290: CAD / modelling
16/02/2026,PHa,6,s17,489,A4400: Site / workshop
16/02/2026,PHa,6,s17,489,A4370: CAD / modelling
16/02/2026,SFl,8,s17,489,A4410: Site / workshop
16/02/2026,SSi,3,s17,489,A4420: CAD / modelling
16/02/2026,SSi,1,s18,489,A4620: Coordination (cont.)
16/02/2026,ARa,1,s19,489,A4690: Design development
17/02/2026,AFe,2,s11,489,A3720: Report / deliverable
17/02/2026,ANi,1,s11,489,A3730: Coordination
17/02/2026,ANi,1,s11,489,A3650: Report / deliverable
17/02/2026,ANi,1,s11,489,A3730: Site / workshop
17/02/2026,EBa,1,s11,489,A3740: Coordination
17/02/2026,LCh,2,s11,489,A3680: CAD / modelling — overspend week
17/02/2026,MWo,1,s11,489,A3760: CAD / modelling
17/02/2026,MWo,2,s12,489,A3820: CAD / modelling
17/02/2026,KLa,4,s13,489,A4030: Technical review
17/02/2026,SSi,8,s13,489,A4040: Technical review
17/02/2026,SSi,8,s13,489,A4010: Report / deliverable
17/02/2026,SSi,5,s14,489,A4140: Report / deliverable
17/02/2026,SSi,5,s14,489,A4120: Coordination
17/02/2026,SSi,5,s14,489,A4110: Report / deliverable
17/02/2026,ANa,3,s15,489,A4220: Design development
17/02/2026,ANi,1,s15,489,A4220: Design development
17/02/2026,PHa,2,s15,489,A4240: Site / workshop
17/02/2026,PHa,2,s15,489,A4260: Technical review
17/02/2026,SSi,3,s16,489,A4280: Design development
17/02/2026,TRe,1,s16,489,A4270: Technical review — overspend week
17/02/2026,TRe,1,s16,489,A4280: CAD / modelling
17/02/2026,ANa,3,s17,489,A4390: Site / workshop
17/02/2026,ANa,3,s17,489,A4350: Coordination
17/02/2026,SSi,3,s17,489,A4390: Coordination
17/02/2026,SSi,2,s17,489,A4380: Design development
17/02/2026,AMa,3,s18,489,A4550: CAD / modelling
17/02/2026,AMa,2,s18,489,A4640: Technical review
17/02/2026,AMa,3,s18,489,A4590: Coordination
17/02/2026,ANa,2,s19,489,A4680: Technical review
17/02/2026,ARa,1,s19,489,A4670: Design development
18/02/2026,AFe,2,s11,489,A3650: Coordination
18/02/2026,LCh,2,s11,489,A3660: Design development
18/02/2026,MWo,1,s11,489,A3690: Report / deliverable
18/02/2026,PHa,3,s12,489,A3800: Site / workshop
18/02/2026,ARa,4,s13,489,A3990: Site / workshop
18/02/2026,KLa,4,s13,489,A3920: Site / workshop
18/02/2026,SSi,1,s13,489,A4040: Technical review (cont.)
18/02/2026,SSi,8,s13,489,A3920: Report / deliverable
18/02/2026,SSi,5,s14,489,A4110: CAD / modelling
18/02/2026,TRe,2,s14,489,A4120: CAD / modelling
18/02/2026,ANa,3,s15,489,A4190: Technical review
18/02/2026,ANi,1,s15,489,A4170: CAD / modelling
18/02/2026,ANi,1,s15,489,A4230: Coordination
18/02/2026,ANi,1,s15,489,A4200: Site / workshop
18/02/2026,PHa,3,s15,489,A4190: CAD / modelling
18/02/2026,PHa,2,s15,489,A4220: Design development
18/02/2026,SSi,3,s16,489,A4330: Technical review
18/02/2026,TRe,1,s16,489,A4340: Technical review (late booking)
18/02/2026,TRe,1,s16,489,A4320: Site / workshop
18/02/2026,ANa,2,s17,489,A4360: Design development
18/02/2026,SFl,8,s17,489,A4380: Report / deliverable
18/02/2026,SFl,8,s17,489,A4350: Report / deliverable
18/02/2026,SFl,8,s17,489,A4350: Report / deliverable — overspend week
18/02/2026,SSi,3,s17,489,A4440: Design development (late booking)
18/02/2026,SSi,8,s18,489,A4540: CAD / modelling (late booking)
18/02/2026,SSi,8,s18,489,A4540: CAD / modelling
18/02/2026,ANa,2,s19,489,A4660: Coordination
18/02/2026,ANa,2,s19,489,A4650: Site / workshop
18/02/2026,ARa,1,s19,489,A4670: Site / workshop
18/02/2026,ARa,1,s19,489,A4660: Design development
19/02/2026,AFe,1,s11,489,A3750: Coordination
19/02/2026,ANi,1,s11,489,A3760: Report / deliverable
19/02/2026,EBa,1,s11,489,A3740: Coordination
19/02/2026,EBa,1,s11,489,A3670: Design development
19/02/2026,LCh,1,s11,489,A3750: Site / workshop
19/02/2026,MWo,1,s11,489,A3790: Design development
19/02/2026,MWo,2,s12,489,A3880: Coordination
19/02/2026,MWo,2,s12,489,A3880: Report / deliverable
19/02/2026,PHa,4,s12,489,A3800: Design development
19/02/2026,ARa,4,s13,489,A3910: Coordination — overspend week
19/02/2026,ARa,4,s13,489,A3900: Design development
19/02/2026,KLa,4,s13,489,A4000: Report / deliverable
19/02/2026,KLa,4,s13,489,A3910: Coordination
19/02/2026,KLa,3,s13,489,A4000: Design development
19/02/2026,SSi,8,s13,489,A4010: Design development
19/02/2026,JWr,1,s15,489,A4250: Design development
19/02/2026,SSi,3,s16,489,A4290: Design development
19/02/2026,SFl,8,s17,489,A4370: Design development
19/02/2026,SFl,1,s17,489,A4350: Report / deliverable — overspend week (cont.)
19/02/2026,SSi,3,s17,489,A4360: Technical review
19/02/2026,AMa,2,s18,489,A4530: Technical review
19/02/2026,SSi,1,s18,489,A4540: CAD / modelling (late booking) (cont.)
19/02/2026,SSi,8,s18,489,A4600: Report / deliverable
19/02/2026,SSi,1,s18,489,A4540: CAD / modelling (cont.)
19/02/2026,ANa,2,s19,489,A4660: Site / workshop
19/02/2026,ANa,2,s19,489,A4660: Report / deliverable
19/02/2026,ARa,1,s19,489,A4670: Design development
20/02/2026,ANi,1,s11,489,A3660: Technical review
20/02/2026,EBa,1,s11,489,A3770: Coordination
20/02/2026,LCh,2,s11,489,A3780: Site / workshop
20/02/2026,MWo,2,s12,489,A3880: Design development
20/02/2026,PHa,3,s12,489,A3800: Coordination
20/02/2026,ARa,4,s13,489,A3990: Report / deliverable
20/02/2026,TRe,2,s14,489,A4120: Site / workshop
20/02/2026,TRe,2,s14,489,A4120: Technical review
20/02/2026,ANi,2,s15,489,A4170: Site / workshop
20/02/2026,DMo,2,s15,489,A4210: CAD / modelling
20/02/2026,DMo,2,s15,489,A4180: CAD / modelling
20/02/2026,JWr,2,s15,489,A4190: Technical review
20/02/2026,PHa,2,s15,489,A4200: Coordination
20/02/2026,ANa,2,s17,489,A4470: Report / deliverable
20/02/2026,ANa,3,s17,489,A4470: Technical review
20/02/2026,PHa,6,s17,489,A4480: Design development
20/02/2026,PHa,6,s17,489,A4480: Design development
20/02/2026,AMa,3,s18,489,A4490: Technical review
20/02/2026,SSi,8,s18,489,A4500: Design development
20/02/2026,ANa,2,s19,489,A4670: Design development — overspend week
20/02/2026,MWo,1,s19,489,A4670: Technical review
21/02/2026,DMo,1,s15,489,A4210: Coordination — overspend week
21/02/2026,PHa,2,s15,489,A4170: Site / workshop — overspend week
22/02/2026,SSi,4,s16,489,A4310: CAD / modelling — overspend week
22/02/2026,PHa,7,s17,489,A4360: CAD / modelling — overspend week
22/02/2026,SSi,3,s17,489,A4430: Coordination — overspend week
23/02/2026,EBa,1,s11,489,A3700: Technical review
23/02/2026,MWo,1,s11,489,A3760: Technical review — overspend week
23/02/2026,MWo,2,s11,489,A3660: Report / deliverable
23/02/2026,MWo,2,s12,489,A3880: Technical review
23/02/2026,PHa,4,s12,489,A3800: Technical review
23/02/2026,ARa,4,s13,489,A4000: Coordination
23/02/2026,SSi,8,s13,489,A3920: Design development
23/02/2026,TRe,2,s14,489,A4120: Coordination
23/02/2026,TRe,2,s14,489,A4130: Coordination
23/02/2026,ANa,3,s15,489,A4230: Design development
23/02/2026,ANi,2,s15,489,A4240: CAD / modelling
23/02/2026,ANi,2,s15,489,A4220: Report / deliverable
23/02/2026,JWr,2,s15,489,A4250: Site / workshop
23/02/2026,TRe,1,s16,489,A4300: Report / deliverable
23/02/2026,ANa,3,s17,489,A4470: Report / deliverable
23/02/2026,PHa,6,s17,489,A4470: Coordination
23/02/2026,SFl,8,s17,489,A4480: CAD / modelling
23/02/2026,SFl,8,s17,489,A4350: Site / workshop
23/02/2026,SSi,3,s17,489,A4350: Site / workshop
23/02/2026,AMa,2,s18,489,A4600: Design development
23/02/2026,SSi,1,s18,489,A4500: Design development (cont.)
23/02/2026,SSi,8,s18,489,A4610: Coordination
23/02/2026,ANa,2,s19,489,A4660: Design development
23/02/2026,ANa,2,s19,489,A4680: Site / workshop
23/02/2026,ARa,1,s19,489,A4690: Design development
23/02/2026,MWo,1,s19,489,A4700: Site / workshop
24/02/2026,AFe,1,s11,489,A3680: Technical review
24/02/2026,AFe,1,s11,489,A3740: Report / deliverable
24/02/2026,ANi,1,s11,489,A3690: Technical review
24/02/2026,LCh,2,s11,489,A3710: Report / deliverable
24/02/2026,LCh,1,s11,489,A3650: Site / workshop
24/02/2026,MWo,1,s11,489,A3720: Site / workshop
24/02/2026,MWo,1,s11,489,A3770: Technical review
24/02/2026,MWo,2,s12,489,A3800: CAD / modelling
24/02/2026,PHa,3,s12,489,A3810: Technical review
24/02/2026,ARa,4,s13,489,A3900: Design development
24/02/2026,ARa,4,s13,489,A3920: Coordination
24/02/2026,KLa,3,s13,489,A3910: Coordination
24/02/2026,SSi,6,s14,489,A4120: Coordination — overspend week
24/02/2026,SSi,5,s14,489,A4110: Coordination
24/02/2026,SSi,5,s14,489,A4130: Design development
24/02/2026,ANa,3,s15,489,A4190: Site / workshop
24/02/2026,APe,2,s15,489,A4230: CAD / modelling
24/02/2026,DMo,2,s15,489,A4250: Design development
24/02/2026,DMo,2,s15,489,A4240: Design development
24/02/2026,JWr,2,s15,489,A4260: Report / deliverable
24/02/2026,JWr,2,s15,489,A4220: Report / deliverable
24/02/2026,PHa,3,s15,489,A4260: Coordination
24/02/2026,SSi,3,s16,489,A4320: Coordination
24/02/2026,SSi,3,s16,489,A4290: CAD / modelling
24/02/2026,SSi,3,s16,489,A4320: Coordination
24/02/2026,TRe,1,s16,489,A4330: Site / workshop
24/02/2026,TRe,1,s16,489,A4330: Design development
24/02/2026,ANa,3,s17,489,A4460: Site / workshop
24/02/2026,PHa,6,s17,489,A4470: Site / workshop
24/02/2026,SFl,8,s17,489,A4480: Report / deliverable
24/02/2026,SSi,2,s17,489,A4360: Design development
24/02/2026,AMa,3,s18,489,A4570: Design development
24/02/2026,AMa,2,s18,489,A4520: Design development
24/02/2026,SSi,1,s18,489,A4610: Coordination (cont.)
24/02/2026,SSi,8,s18,489,A4530: CAD / modelling
24/02/2026,ARa,1,s19,489,A4670: Design development
24/02/2026,MWo,1,s19,489,A4680: Technical review
25/02/2026,AFe,2,s11,489,A3790: Technical review
25/02/2026,ANi,1,s11,489,A3630: CAD / modelling
25/02/2026,EBa,1,s11,489,A3640: Coordination
25/02/2026,EBa,1,s11,489,A3690: Site / workshop
25/02/2026,LCh,1,s11,489,A3760: Site / workshop
25/02/2026,MWo,1,s11,489,A3710: Report / deliverable
25/02/2026,MWo,2,s12,489,A3810: Design development
25/02/2026,PHa,4,s12,489,A3820: Coordination
25/02/2026,KLa,4,s13,489,A4010: CAD / modelling
25/02/2026,KLa,3,s13,489,A3930: Coordination
25/02/2026,KLa,4,s13,489,A4030: CAD / modelling
25/02/2026,SSi,8,s13,489,A4020: Design development
25/02/2026,SSi,8,s13,489,A4040: Report / deliverable
25/02/2026,SSi,4,s14,489,A4120: Site / workshop
25/02/2026,TRe,2,s14,489,A4140: Design development
25/02/2026,TRe,2,s14,489,A4150: Report / deliverable
25/02/2026,ANa,3,s15,489,A4210: CAD / modelling
25/02/2026,DMo,2,s15,489,A4240: Coordination (late booking)
25/02/2026,PHa,2,s15,489,A4230: Technical review
25/02/2026,PHa,6,s17,489,A4480: Coordination
25/02/2026,PHa,6,s17,489,A4480: CAD / modelling
25/02/2026,SSi,3,s17,489,A4350: Technical review
25/02/2026,SSi,8,s18,489,A4490: Site / workshop — overspend week
25/02/2026,SSi,1,s18,489,A4530: CAD / modelling (cont.)
25/02/2026,ANa,1,s19,489,A4680: Design development (late booking)
25/02/2026,ARa,2,s19,489,A4690: CAD / modelling
25/02/2026,ARa,2,s19,489,A4710: Technical review
25/02/2026,MWo,1,s19,489,A4700: Site / workshop
26/02/2026,AFe,1,s11,489,A3670: Technical review
26/02/2026,AFe,1,s11,489,A3780: Design development
26/02/2026,ANi,1,s11,489,A3750: Report / deliverable
26/02/2026,ANi,1,s11,489,A3680: CAD / modelling
26/02/2026,LCh,2,s11,489,A3700: Technical review
26/02/2026,LCh,2,s11,489,A3630: Design development
26/02/2026,MWo,2,s12,489,A3820: Technical review
26/02/2026,PHa,4,s12,489,A3830: Coordination
26/02/2026,ARa,4,s13,489,A4020: Technical review
26/02/2026,ARa,4,s13,489,A3930: CAD / modelling
26/02/2026,SSi,8,s13,489,A3940: Coordination
26/02/2026,ANa,3,s15,489,A4170: Technical review
26/02/2026,ANi,2,s15,489,A4200: Coordination
26/02/2026,ANi,2,s15,489,A4250: Technical review
26/02/2026,APe,2,s15,489,A4190: Report / deliverable
26/02/2026,DMo,2,s15,489,A4210: CAD / modelling
26/02/2026,JWr,2,s15,489,A4210: CAD / modelling
26/02/2026,PHa,3,s15,489,A4180: Technical review
26/02/2026,SSi,4,s16,489,A4310: CAD / modelling
26/02/2026,TRe,1,s16,489,A4300: Report / deliverable
26/02/2026,ANa,3,s17,489,A4460: Coordination
26/02/2026,SFl,8,s17,489,A4350: Technical review
26/02/2026,SFl,8,s17,489,A4470: Design development
26/02/2026,AMa,2,s18,489,A4590: Report / deliverable
26/02/2026,SSi,2,s18,489,A4490: Site / workshop — overspend week (cont.)
26/02/2026,ANa,2,s19,489,A4680: CAD / modelling
26/02/2026,ARa,1,s19,489,A4700: Report / deliverable
27/02/2026,ANi,1,s11,489,A3790: CAD / modelling
27/02/2026,MWo,1,s11,489,A3640: Site / workshop
27/02/2026,MWo,2,s12,489,A3820: CAD / modelling
27/02/2026,PHa,4,s12,489,A3830: CAD / modelling
27/02/2026,KLa,4,s13,489,A3940: Technical review
27/02/2026,SSi,8,s13,489,A3950: Technical review
27/02/2026,SSi,5,s14,489,A4140: Technical review
27/02/2026,TRe,3,s14,489,A4150: Design development
27/02/2026,ANa,2,s15,489,A4240: Report / deliverable
27/02/2026,ANi,2,s15,489,A4180: CAD / modelling
27/02/2026,DMo,2,s15,489,A4260: Site / workshop
27/02/2026,JWr,2,s15,489,A4170: Technical review
27/02/2026,PHa,2,s15,489,A4220: Report / deliverable
27/02/2026,SSi,3,s16,489,A4290: Design development
27/02/2026,TRe,1,s16,489,A4300: Technical review (late booking)
27/02/2026,TRe,1,s16,489,A4320: Report / deliverable
27/02/2026,ANa,2,s17,489,A4470: Report / deliverable
27/02/2026,ANa,2,s17,489,A4450: CAD / modelling
27/02/2026,ANa,3,s17,489,A4410: Coordination (late booking)
27/02/2026,PHa,6,s17,489,A4460: Technical review
27/02/2026,SFl,1,s17,489,A4470: Design development (cont.)
27/02/2026,SSi,3,s17,489,A4360: Technical review
27/02/2026,SSi,3,s17,489,A4480: Design development
27/02/2026,AMa,2,s18,489,A4490: Coordination
27/02/2026,SSi,8,s18,489,A4500: Design development
27/02/2026,SSi,8,s18,489,A4600: CAD / modelling
27/02/2026,ANa,2,s19,489,A4700: Design development
27/02/2026,ANa,2,s19,489,A4690: Report / deliverable
27/02/2026,MWo,1,s19,489,A4710: Coordination
28/02/2026,SSi,6,s14,489,A4110: Coordination — overspend week
02/03/2026,AFe,1,s11,489,A3640: Report / deliverable
02/03/2026,ANi,1,s11,489,A3720: Site / workshop
02/03/2026,EBa,1,s11,489,A3730: Site / workshop
02/03/2026,MWo,1,s11,489,A3680: Technical review
02/03/2026,MWo,3,s12,489,A3830: Site / workshop
02/03/2026,PHa,4,s12,489,A3840: Technical review
02/03/2026,ARa,4,s13,489,A4030: CAD / modelling
02/03/2026,KLa,3,s13,489,A4040: Design development
02/03/2026,KLa,4,s13,489,A3950: CAD / modelling
02/03/2026,SSi,1,s13,489,A3950: Technical review (cont.)
02/03/2026,SSi,8,s13,489,A4050: Report / deliverable
02/03/2026,TRe,3,s14,489,A4070: Design development
02/03/2026,ANa,3,s15,489,A4220: Design development
02/03/2026,ANi,2,s15,489,A4230: Report / deliverable
02/03/2026,APe,2,s15,489,A4210: Site / workshop
02/03/2026,DMo,2,s15,489,A4240: Report / deliverable
02/03/2026,PHa,2,s15,489,A4250: Technical review
02/03/2026,SSi,4,s16,489,A4340: CAD / modelling
02/03/2026,PHa,6,s17,489,A4450: Site / workshop
02/03/2026,SFl,8,s17,489,A4460: Report / deliverable
02/03/2026,SSi,3,s17,489,A4470: Technical review
02/03/2026,SSi,4,s17,489,A4470: Report / deliverable
02/03/2026,AMa,3,s18,489,A4500: Technical review
02/03/2026,SSi,1,s18,489,A4500: Design development (cont.)
02/03/2026,SSi,1,s18,489,A4600: CAD / modelling (cont.)
02/03/2026,ANa,2,s19,489,A4710: Report / deliverable (late booking)
02/03/2026,MWo,1,s19,489,A4710: Technical review
03/03/2026,AFe,2,s11,489,A3710: Design development
03/03/2026,ANi,1,s11,489,A3650: Report / deliverable
03/03/2026,ANi,2,s11,489,A3660: Site / workshop (late booking)
03/03/2026,EBa,1,s11,489,A3660: Technical review
03/03/2026,LCh,1,s11,489,A3740: Report / deliverable
03/03/2026,LCh,1,s11,489,A3670: Coordination
03/03/2026,LCh,2,s11,489,A3760: Design development
03/03/2026,MWo,1,s11,489,A3670: Technical review (late booking)
03/03/2026,MWo,2,s12,489,A3830: CAD / modelling
03/03/2026,ARa,4,s13,489,A4020: Report / deliverable
03/03/2026,SSi,5,s14,489,A4150: Technical review
03/03/2026,TRe,2,s14,489,A4070: Report / deliverable
03/03/2026,TRe,3,s14,489,A4150: Design development
03/03/2026,ANa,3,s15,489,A4190: CAD / modelling
03/03/2026,PHa,2,s15,489,A4230: CAD / modelling
03/03/2026,TRe,1,s16,489,A4270: Design development
03/03/2026,TRe,1,s16,489,A4310: CAD / modelling
03/03/2026,ANa,2,s17,489,A4440: Site / workshop
03/03/2026,ANa,3,s17,489,A4440: Technical review
03/03/2026,PHa,6,s17,489,A4450: Design development
03/03/2026,SFl,8,s17,489,A4430: CAD / modelling
03/03/2026,AMa,3,s18,489,A4540: Site / workshop
03/03/2026,SSi,8,s18,489,A4550: Design development
03/03/2026,SSi,8,s18,489,A4510: Site / workshop
03/03/2026,SSi,8,s18,489,A4600: Report / deliverable
03/03/2026,ANa,1,s19,489,A4690: Design development
03/03/2026,ARa,1,s19,489,A4700: Report / deliverable
03/03/2026,MWo,1,s19,489,A4700: Technical review
04/03/2026,AFe,1,s11,489,A3740: Design development
04/03/2026,MWo,2,s12,489,A3820: Design development
04/03/2026,PHa,4,s12,489,A3840: Design development
04/03/2026,PHa,4,s12,489,A3830: Coordination
04/03/2026,ARa,4,s13,489,A3940: Site / workshop
04/03/2026,SSi,8,s13,489,A3960: Design development
04/03/2026,SSi,5,s14,489,A4150: Design development
04/03/2026,SSi,5,s14,489,A4140: Technical review
04/03/2026,ANi,2,s15,489,A4200: Technical review
04/03/2026,DMo,2,s15,489,A4170: Report / deliverable
04/03/2026,JWr,2,s15,489,A4220: Technical review
04/03/2026,JWr,2,s15,489,A4250: Design development
04/03/2026,SSi,4,s16,489,A4300: Technical review
04/03/2026,SSi,4,s16,489,A4310: Site / workshop
04/03/2026,TRe,1,s16,489,A4340: Site / workshop (late booking)
04/03/2026,ANa,3,s17,489,A4410: Report / deliverable
04/03/2026,PHa,6,s17,489,A4420: Technical review
04/03/2026,PHa,6,s17,489,A4420: Design development
04/03/2026,SFl,8,s17,489,A4460: Technical review
04/03/2026,AMa,3,s18,489,A4550: Technical review
04/03/2026,SSi,8,s18,489,A4580: CAD / modelling — overspend week
04/03/2026,SSi,1,s18,489,A4510: Site / workshop (cont.)
04/03/2026,SSi,1,s18,489,A4600: Report / deliverable (cont.)
04/03/2026,ANa,1,s19,489,A4700: Report / deliverable
04/03/2026,ANa,1,s19,489,A4690: Design development
04/03/2026,ARa,2,s19,489,A4710: Site / workshop
04/03/2026,ARa,1,s19,489,A4700: Report / deliverable
05/03/2026,ANi,2,s11,489,A3750: Report / deliverable
05/03/2026,EBa,1,s11,489,A3680: Report / deliverable
05/03/2026,EBa,1,s11,489,A3790: CAD / modelling
05/03/2026,LCh,1,s11,489,A3690: Technical review
05/03/2026,LCh,2,s11,489,A3630: Report / deliverable
05/03/2026,MWo,1,s11,489,A3770: Technical review
05/03/2026,MWo,1,s11,489,A3640: Design development
05/03/2026,PHa,4,s12,489,A3830: Report / deliverable
05/03/2026,PHa,4,s12,489,A3840: Site / workshop
05/03/2026,ARa,4,s13,489,A3930: Technical review
05/03/2026,ARa,4,s13,489,A4040: Technical review (late booking)
05/03/2026,KLa,3,s13,489,A4030: Design development
05/03/2026,KLa,3,s13,489,A3940: Technical review
05/03/2026,KLa,4,s13,489,A4040: Report / deliverable
05/03/2026,SSi,8,s13,489,A4040: CAD / modelling
05/03/2026,SSi,8,s13,489,A3950: Coordination
05/03/2026,SSi,8,s13,489,A4050: Coordination
05/03/2026,SSi,5,s14,489,A4140: Coordination
05/03/2026,ANa,3,s15,489,A4250: Report / deliverable
05/03/2026,ANi,2,s15,489,A4260: Site / workshop
05/03/2026,APe,2,s15,489,A4220: CAD / modelling
05/03/2026,DMo,2,s15,489,A4200: Report / deliverable (late booking)
05/03/2026,DMo,2,s15,489,A4230: Report / deliverable
05/03/2026,PHa,3,s15,489,A4180: CAD / modelling
05/03/2026,PHa,3,s15,489,A4260: Design development
05/03/2026,SSi,3,s16,489,A4270: CAD / modelling
05/03/2026,SSi,4,s16,489,A4310: Coordination
05/03/2026,TRe,1,s16,489,A4320: Report / deliverable
05/03/2026,SSi,3,s17,489,A4440: CAD / modelling
05/03/2026,SSi,4,s17,489,A4440: Technical review
05/03/2026,SSi,4,s17,489,A4440: Site / workshop
05/03/2026,AMa,3,s18,489,A4590: Design development
05/03/2026,SSi,2,s18,489,A4580: CAD / modelling — overspend week (cont.)
05/03/2026,SSi,8,s18,489,A4560: Coordination
05/03/2026,ARa,1,s19,489,A4690: Design development
05/03/2026,ARa,1,s19,489,A4710: Coordination
06/03/2026,AFe,2,s11,489,A3660: CAD / modelling
06/03/2026,AFe,2,s11,489,A3770: Design development
06/03/2026,ANi,2,s11,489,A3670: CAD / modelling
06/03/2026,ANi,1,s11,489,A3780: Site / workshop
06/03/2026,MWo,1,s11,489,A3700: CAD / modelling
06/03/2026,ARa,4,s13,489,A4030: Coordination
06/03/2026,SSi,5,s14,489,A4150: CAD / modelling
06/03/2026,TRe,2,s14,489,A4150: Coordination
06/03/2026,TRe,2,s14,489,A4070: Technical review
06/03/2026,ANa,3,s15,489,A4220: CAD / modelling
06/03/2026,ANa,3,s15,489,A4200: Design development
06/03/2026,ANi,2,s15,489,A4230: Technical review
06/03/2026,ANi,2,s15,489,A4210: Coordination
06/03/2026,DMo,2,s15,489,A4240: Coordination
06/03/2026,PHa,2,s15,489,A4240: Site / workshop
06/03/2026,TRe,1,s16,489,A4320: Technical review
06/03/2026,ANa,3,s17,489,A4410: Site / workshop
06/03/2026,PHa,6,s17,489,A4420: Site / workshop
06/03/2026,SFl,8,s17,489,A4430: Design development
06/03/2026,AMa,2,s18,489,A4510: Technical review
06/03/2026,SSi,1,s18,489,A4560: Coordination (cont.)
06/03/2026,ANa,2,s19,489,A4700: Coordination
06/03/2026,MWo,1,s19,489,A4720: CAD / modelling
08/03/2026,MWo,1,s11,489,A3750: Coordination — overspend week
08/03/2026,SSi,8,s18,489,A4520: Coordination — overspend week
09/03/2026,AFe,1,s11,489,A3710: Coordination
09/03/2026,ANi,1,s11,489,A3720: Site / workshop
09/03/2026,EBa,1,s11,489,A3730: CAD / modelling
09/03/2026,LCh,2,s11,489,A3740: Site / workshop
09/03/2026,MWo,1,s11,489,A3750: Coordination (late booking)
09/03/2026,MWo,2,s12,489,A3840: Coordination
09/03/2026,MWo,2,s12,489,A3850: Coordination
09/03/2026,PHa,4,s12,489,A3850: CAD / modelling
09/03/2026,PHa,4,s12,489,A3860: CAD / modelling
09/03/2026,ARa,4,s13,489,A3950: Design development
09/03/2026,KLa,3,s13,489,A3960: Design development
09/03/2026,SSi,8,s13,489,A3970: Report / deliverable
09/03/2026,SSi,8,s13,489,A3890: Site / workshop
09/03/2026,SSi,5,s14,489,A4070: Technical review
09/03/2026,ANa,2,s15,489,A4180: Design development
09/03/2026,ANa,3,s15,489,A4260: Site / workshop
09/03/2026,ANi,2,s15,489,A4190: Design development
09/03/2026,JWr,2,s15,489,A4210: CAD / modelling
09/03/2026,PHa,2,s15,489,A4220: CAD / modelling
09/03/2026,SSi,4,s16,489,A4270: Design development
09/03/2026,TRe,1,s16,489,A4280: CAD / modelling
09/03/2026,ANa,3,s17,489,A4410: Site / workshop
09/03/2026,PHa,6,s17,489,A4420: Technical review
09/03/2026,AMa,2,s18,489,A4630: Technical review
09/03/2026,SSi,2,s18,489,A4520: Coordination — overspend week (cont.)
09/03/2026,SSi,8,s18,489,A4580: Technical review
09/03/2026,ARa,1,s19,489,A4720: CAD / modelling
09/03/2026,MWo,1,s19,489,A4730: CAD / modelling
10/03/2026,AFe,1,s11,489,A3650: Coordination
10/03/2026,EBa,1,s11,489,A3750: Report / deliverable
10/03/2026,LCh,2,s11,489,A3760: Coordination
10/03/2026,MWo,1,s11,489,A3770: Site / workshop
10/03/2026,ARa,4,s13,489,A4050: Technical review
10/03/2026,ARa,4,s13,489,A3940: Site / workshop
10/03/2026,SSi,8,s13,489,A3960: Site / workshop
10/03/2026,SSi,6,s14,489,A4140: Coordination — overspend week
10/03/2026,SSi,5,s14,489,A4080: Design development
10/03/2026,SSi,4,s14,489,A4150: Coordination
10/03/2026,TRe,3,s14,489,A4080: Coordination
10/03/2026,TRe,2,s14,489,A4090: Coordination
10/03/2026,ANi,2,s15,489,A4220: CAD / modelling
10/03/2026,DMo,2,s15,489,A4200: Site / workshop
10/03/2026,DMo,2,s15,489,A4240: Coordination
10/03/2026,SSi,4,s16,489,A4290: Site / workshop
10/03/2026,SSi,4,s16,489,A4330: Technical review
10/03/2026,TRe,1,s16,489,A4300: Technical review
10/03/2026,SFl,8,s17,489,A4430: Technical review
10/03/2026,SFl,8,s17,489,A4410: Site / workshop
10/03/2026,SSi,4,s17,489,A4440: CAD / modelling
10/03/2026,SSi,4,s17,489,A4420: Technical review
10/03/2026,SSi,8,s18,489,A4640: Coordination
10/03/2026,SSi,1,s18,489,A4580: Technical review (cont.)
10/03/2026,ANa,1,s19,489,A4700: Site / workshop
10/03/2026,ARa,2,s19,489,A4710: Technical review
10/03/2026,ARa,1,s19,489,A4720: Coordination
11/03/2026,AFe,2,s11,489,A3730: Coordination
11/03/2026,EBa,1,s11,489,A3670: CAD / modelling
11/03/2026,LCh,2,s11,489,A3680: Design development
11/03/2026,MWo,1,s11,489,A3690: Report / deliverable
11/03/2026,MWo,1,s11,489,A3710: Report / deliverable
11/03/2026,MWo,2,s12,489,A3820: Design development (late booking)
11/03/2026,MWo,2,s12,489,A3840: Site / workshop
11/03/2026,PHa,4,s12,489,A3840: Site / workshop
11/03/2026,KLa,4,s13,489,A4060: Coordination
11/03/2026,SSi,5,s14,489,A4070: Report / deliverable
11/03/2026,ANa,3,s15,489,A4210: CAD / modelling
11/03/2026,ANi,2,s15,489,A4170: Design development
11/03/2026,ANi,2,s15,489,A4200: Report / deliverable
11/03/2026,APe,2,s15,489,A4230: Coordination
11/03/2026,PHa,2,s15,489,A4260: Site / workshop
11/03/2026,PHa,3,s15,489,A4170: CAD / modelling (late booking)
11/03/2026,TRe,1,s16,489,A4300: Technical review
11/03/2026,ANa,2,s17,489,A4390: Design development
11/03/2026,ANa,3,s17,489,A4390: Coordination
11/03/2026,PHa,6,s17,489,A4400: Report / deliverable
11/03/2026,SFl,8,s17,489,A4410: Coordination
11/03/2026,SFl,8,s17,489,A4410: Coordination
11/03/2026,AMa,3,s18,489,A4570: Coordination
11/03/2026,AMa,3,s18,489,A4530: CAD / modelling
11/03/2026,SSi,1,s18,489,A4640: Coordination (cont.)
12/03/2026,ANi,2,s11,489,A3740: Site / workshop
12/03/2026,ANi,1,s11,489,A3680: Report / deliverable
12/03/2026,LCh,2,s11,489,A3700: CAD / modelling
12/03/2026,MWo,2,s11,489,A3650: Design development
12/03/2026,MWo,2,s12,489,A3830: Design development — overspend week
12/03/2026,MWo,2,s12,489,A3830: CAD / modelling
12/03/2026,KLa,4,s13,489,A3950: CAD / modelling
12/03/2026,SSi,8,s13,489,A4060: Site / workshop
12/03/2026,TRe,3,s14,489,A4070: Report / deliverable
12/03/2026,ANa,3,s15,489,A4190: Site / workshop
12/03/2026,ANa,3,s15,489,A4170: Coordination
12/03/2026,APe,2,s15,489,A4210: Site / workshop
12/03/2026,APe,2,s15,489,A4190: Site / workshop
12/03/2026,DMo,2,s15,489,A4220: Site / workshop
12/03/2026,DMo,2,s15,489,A4200: Design development
12/03/2026,JWr,2,s15,489,A4250: Report / deliverable
12/03/2026,PHa,3,s15,489,A4240: Site / workshop
12/03/2026,PHa,3,s15,489,A4220: Report / deliverable
12/03/2026,SSi,4,s16,489,A4290: Site / workshop
12/03/2026,SSi,4,s16,489,A4330: Coordination
12/03/2026,ANa,4,s17,489,A4390: Coordination
12/03/2026,PHa,6,s17,489,A4400: Technical review
12/03/2026,PHa,6,s17,489,A4400: CAD / modelling
12/03/2026,SFl,8,s17,489,A4430: Coordination — overspend week
12/03/2026,SFl,8,s17,489,A4410: Coordination
12/03/2026,SSi,4,s17,489,A4420: Site / workshop
12/03/2026,SSi,8,s18,489,A4540: Report / deliverable
12/03/2026,ARa,2,s19,489,A4650: Site / workshop
12/03/2026,MWo,1,s19,489,A4650: Technical review
13/03/2026,AFe,1,s11,489,A3670: Site / workshop
13/03/2026,AFe,1,s11,489,A3790: Site / workshop
13/03/2026,ANi,2,s11,489,A3630: Coordination
13/03/2026,LCh,2,s11,489,A3640: Report / deliverable
13/03/2026,MWo,2,s12,489,A3850: Report / deliverable
13/03/2026,PHa,4,s12,489,A3860: Coordination
13/03/2026,ARa,4,s13,489,A3960: Coordination
13/03/2026,KLa,3,s13,489,A4050: Report / deliverable
13/03/2026,KLa,4,s13,489,A3970: Site / workshop
13/03/2026,SSi,8,s13,489,A3980: Site / workshop
13/03/2026,SSi,4,s14,489,A4080: Report / deliverable
13/03/2026,TRe,2,s14,489,A4080: Coordination
13/03/2026,TRe,2,s14,489,A4090: Report / deliverable
13/03/2026,ANi,2,s15,489,A4180: Report / deliverable
13/03/2026,JWr,2,s15,489,A4230: Technical review
13/03/2026,JWr,2,s15,489,A4210: Report / deliverable
13/03/2026,TRe,1,s16,489,A4340: CAD / modelling
13/03/2026,ANa,3,s17,489,A4390: Technical review
13/03/2026,PHa,6,s17,489,A4400: CAD / modelling
13/03/2026,SFl,1,s17,489,A4430: Coordination — overspend week (cont.)
13/03/2026,SSi,4,s17,489,A4420: Technical review
13/03/2026,SSi,4,s17,489,A4420: Site / workshop
13/03/2026,AMa,2,s18,489,A4490: Design development
13/03/2026,AMa,3,s18,489,A4610: Design development
13/03/2026,SSi,1,s18,489,A4540: Report / deliverable (cont.)
13/03/2026,SSi,8,s18,489,A4500: CAD / modelling
13/03/2026,SSi,8,s18,489,A4620: Report / deliverable
13/03/2026,ANa,1,s19,489,A4720: Design development
13/03/2026,ANa,2,s19,489,A4730: Report / deliverable
13/03/2026,ARa,1,s19,489,A4730: Report / deliverable
16/03/2026,MWo,2,s12,489,A3810: Technical review
16/03/2026,SSi,8,s13,489,A4030: CAD / modelling
16/03/2026,TRe,2,s14,489,A4140: Report / deliverable
16/03/2026,TRe,2,s14,489,A4080: Site / workshop
16/03/2026,ANa,4,s15,489,A4200: Coordination
16/03/2026,APe,2,s15,489,A4230: Coordination
16/03/2026,DMo,2,s15,489,A4220: Site / workshop
16/03/2026,JWr,2,s15,489,A4230: CAD / modelling
16/03/2026,PHa,2,s15,489,A4240: CAD / modelling
16/03/2026,SSi,4,s16,489,A4310: Design development
16/03/2026,ANa,3,s17,489,A4470: Design development
16/03/2026,PHa,6,s17,489,A4420: CAD / modelling
16/03/2026,SSi,4,s17,489,A4360: CAD / modelling
16/03/2026,AMa,2,s18,489,A4510: Site / workshop
16/03/2026,AMa,2,s18,489,A4570: Technical review
16/03/2026,SSi,1,s18,489,A4620: Report / deliverable (cont.)
16/03/2026,SSi,8,s18,489,A4520: Coordination
16/03/2026,ARa,1,s19,489,A4690: Site / workshop
17/03/2026,PHa,4,s12,489,A3820: Design development
17/03/2026,ARa,4,s13,489,A4010: Report / deliverable
17/03/2026,SSi,8,s13,489,A4060: Coordination
17/03/2026,SSi,5,s14,489,A4130: Site / workshop
17/03/2026,SSi,4,s14,489,A4070: Report / deliverable
17/03/2026,TRe,2,s14,489,A4120: Design development
17/03/2026,ANa,4,s15,489,A4210: Technical review
17/03/2026,ANi,2,s15,489,A4210: Design development
17/03/2026,ANi,2,s15,489,A4220: CAD / modelling
17/03/2026,SSi,4,s16,489,A4290: Design development
17/03/2026,TRe,1,s16,489,A4320: Site / workshop
17/03/2026,TRe,1,s16,489,A4320: Technical review — overspend week
17/03/2026,ANa,4,s17,489,A4410: CAD / modelling
17/03/2026,ANa,4,s17,489,A4480: Site / workshop
17/03/2026,PHa,6,s17,489,A4480: CAD / modelling
17/03/2026,SFl,8,s17,489,A4350: CAD / modelling
17/03/2026,SFl,8,s17,489,A4430: Technical review
17/03/2026,SSi,4,s17,489,A4440: Coordination
17/03/2026,AMa,2,s18,489,A4620: Technical review
17/03/2026,SSi,1,s18,489,A4520: Coordination (cont.)
17/03/2026,SSi,8,s18,489,A4630: Design development
17/03/2026,ANa,2,s19,489,A4710: CAD / modelling — overspend week
17/03/2026,ANa,1,s19,489,A4680: CAD / modelling
17/03/2026,ARa,1,s19,489,A4730: Technical review
17/03/2026,MWo,1,s19,489,A4700: CAD / modelling
17/03/2026,MWo,1,s19,489,A4680: Design development
18/03/2026,ARa,4,s13,489,A4040: Report / deliverable
18/03/2026,ARa,4,s13,489,A3900: Site / workshop
18/03/2026,SSi,8,s13,489,A3920: Site / workshop
18/03/2026,ANa,4,s15,489,A4240: Report / deliverable
18/03/2026,ANi,2,s15,489,A4240: Coordination
18/03/2026,DMo,2,s15,489,A4240: Site / workshop
18/03/2026,JWr,2,s15,489,A4250: Design development
18/03/2026,PHa,3,s15,489,A4180: Coordination — overspend week
18/03/2026,PHa,2,s15,489,A4260: Design development
18/03/2026,PHa,2,s15,489,A4180: Technical review
18/03/2026,TRe,1,s16,489,A4300: Coordination
18/03/2026,TRe,1,s16,489,A4270: CAD / modelling
18/03/2026,PHa,6,s17,489,A4350: Site / workshop
18/03/2026,SFl,1,s17,489,A4430: Technical review (cont.)
18/03/2026,SFl,8,s17,489,A4420: Report / deliverable (late booking)
18/03/2026,SSi,3,s17,489,A4370: Coordination
18/03/2026,SSi,4,s17,489,A4440: Coordination
18/03/2026,SSi,3,s17,489,A4430: Technical review (late booking)
18/03/2026,SSi,8,s18,489,A4580: Technical review
18/03/2026,SSi,1,s18,489,A4630: Design development (cont.)
18/03/2026,ANa,1,s19,489,A4720: Design development
18/03/2026,ANa,1,s19,489,A4690: Report / deliverable
18/03/2026,MWo,1,s19,489,A4650: Site / workshop
19/03/2026,ARa,4,s13,489,A3930: Technical review
19/03/2026,SSi,1,s13,489,A3920: Site / workshop (cont.)
19/03/2026,SSi,5,s14,489,A4080: Site / workshop
19/03/2026,TRe,2,s14,489,A4150: Technical review
19/03/2026,ANa,4,s15,489,A4230: CAD / modelling
19/03/2026,ANi,2,s15,489,A4250: Design development
19/03/2026,APe,2,s15,489,A4260: Report / deliverable
19/03/2026,DMo,2,s15,489,A4170: Coordination
19/03/2026,JWr,2,s15,489,A4260: CAD / modelling
19/03/2026,SSi,4,s16,489,A4340: Design development
19/03/2026,TRe,1,s16,489,A4280: Site / workshop (late booking)
19/03/2026,PHa,6,s17,489,A4420: Technical review
19/03/2026,SFl,8,s17,489,A4360: Site / workshop
19/03/2026,SFl,8,s17,489,A4430: Report / deliverable
19/03/2026,SFl,2,s17,489,A4420: Report / deliverable (late booking) (cont.)
19/03/2026,AMa,3,s18,489,A4550: Design development
19/03/2026,SSi,1,s18,489,A4580: Technical review (cont.)
19/03/2026,ANa,1,s19,489,A4660: Report / deliverable
19/03/2026,ARa,1,s19,489,A4670: Design development
19/03/2026,ARa,2,s19,489,A4700: Technical review — overspend week
19/03/2026,MWo,1,s19,489,A4730: CAD / modelling
20/03/2026,PHa,3,s12,489,A3850: CAD / modelling — overspend week
20/03/2026,ARa,4,s13,489,A3960: CAD / modelling
20/03/2026,KLa,4,s13,489,A3940: CAD / modelling
20/03/2026,KLa,3,s13,489,A3970: Technical review
20/03/2026,SSi,8,s13,489,A3950: Coordination
20/03/2026,SSi,8,s13,489,A3980: Coordination
20/03/2026,SSi,5,s14,489,A4140: Coordination
20/03/2026,TRe,2,s14,489,A4090: Design development
20/03/2026,ANa,4,s15,489,A4250: Design development
20/03/2026,ANi,2,s15,489,A4260: CAD / modelling
20/03/2026,DMo,2,s15,489,A4170: CAD / modelling
20/03/2026,PHa,2,s15,489,A4180: Report / deliverable
20/03/2026,SSi,4,s16,489,A4270: Design development
20/03/2026,TRe,1,s16,489,A4280: Site / workshop
20/03/2026,ANa,3,s17,489,A4470: CAD / modelling
20/03/2026,PHa,6,s17,489,A4480: Technical review
20/03/2026,SFl,2,s17,489,A4360: Site / workshop (cont.)
20/03/2026,SFl,2,s17,489,A4430: Report / deliverable (cont.)
20/03/2026,SSi,3,s17,489,A4360: Site / workshop
20/03/2026,AMa,2,s18,489,A4510: Coordination
20/03/2026,SSi,8,s18,489,A4520: Site / workshop — overspend week
20/03/2026,ANa,2,s19,489,A4710: Coordination
20/03/2026,ARa,2,s19,489,A4720: Site / workshop
20/03/2026,MWo,1,s19,489,A4710: Report / deliverable
23/03/2026,ARa,4,s13,489,A3980: CAD / modelling
23/03/2026,ARa,4,s13,489,A4010: Design development
23/03/2026,KLa,4,s13,489,A4020: Coordination
23/03/2026,ANa,4,s15,489,A4250: Design development
23/03/2026,ANa,4,s15,489,A4170: Design development (late booking)
23/03/2026,ANi,2,s15,489,A4260: Coordination
23/03/2026,APe,2,s15,489,A4170: Site / workshop
23/03/2026,DMo,2,s15,489,A4180: Coordination
23/03/2026,JWr,2,s15,489,A4190: CAD / modelling — overspend week
23/03/2026,PHa,2,s15,489,A4190: Technical review
23/03/2026,SSi,4,s16,489,A4310: Coordination — overspend week
23/03/2026,SSi,4,s16,489,A4290: Site / workshop
23/03/2026,ANa,4,s17,489,A4400: Report / deliverable
23/03/2026,ANa,4,s17,489,A4470: Technical review
23/03/2026,PHa,6,s17,489,A4480: Coordination
23/03/2026,SFl,8,s17,489,A4420: CAD / modelling
23/03/2026,SFl,8,s17,489,A4350: Report / deliverable
23/03/2026,SSi,4,s17,489,A4430: Coordination
23/03/2026,SSi,4,s17,489,A4360: Report / deliverable
23/03/2026,AMa,2,s18,489,A4600: CAD / modelling
23/03/2026,AMa,2,s18,489,A4490: Site / workshop
23/03/2026,SSi,2,s18,489,A4520: Site / workshop — overspend week (cont.)
23/03/2026,SSi,8,s18,489,A4610: Report / deliverable
23/03/2026,ANa,2,s19,489,A4650: Site / workshop
23/03/2026,ANa,2,s19,489,A4680: Technical review
23/03/2026,ARa,1,s19,489,A4660: Report / deliverable
23/03/2026,ARa,2,s19,489,A4690: CAD / modelling
23/03/2026,MWo,1,s19,489,A4670: Site / workshop
23/03/2026,MWo,1,s19,489,A4700: Coordination
24/03/2026,ARa,4,s13,489,A4040: Site / workshop
24/03/2026,KLa,3,s13,489,A3990: CAD / modelling
24/03/2026,SSi,8,s13,489,A4000: Technical review
24/03/2026,SSi,8,s13,489,A4060: Technical review
24/03/2026,SSi,5,s14,489,A4100: Coordination
24/03/2026,TRe,2,s14,489,A4110: Report / deliverable
24/03/2026,TRe,3,s14,489,A4140: Coordination
24/03/2026,TRe,2,s14,489,A4080: Coordination
24/03/2026,ANa,4,s15,489,A4170: Report / deliverable
24/03/2026,PHa,3,s15,489,A4200: Site / workshop
24/03/2026,SSi,4,s16,489,A4320: Design development
24/03/2026,TRe,1,s16,489,A4300: Report / deliverable
24/03/2026,PHa,6,s17,489,A4410: Site / workshop
24/03/2026,PHa,6,s17,489,A4410: Design development
24/03/2026,SFl,2,s17,489,A4420: CAD / modelling (cont.)
24/03/2026,SFl,1,s17,489,A4350: Report / deliverable (cont.)
24/03/2026,SSi,1,s18,489,A4610: Report / deliverable (cont.)
24/03/2026,ARa,2,s19,489,A4720: Technical review
24/03/2026,MWo,1,s19,489,A4730: Site / workshop
25/03/2026,ARa,4,s13,489,A3890: Site / workshop
25/03/2026,KLa,4,s13,489,A3910: Technical review — overspend week
25/03/2026,KLa,4,s13,489,A4050: Technical review
25/03/2026,KLa,4,s13,489,A3900: CAD / modelling
25/03/2026,SSi,8,s13,489,A4030: Technical review
25/03/2026,SSi,8,s13,489,A3910: Technical review
25/03/2026,SSi,5,s14,489,A4130: CAD / modelling
25/03/2026,TRe,2,s14,489,A4110: CAD / modelling
25/03/2026,ANa,4,s15,489,A4260: Design development
25/03/2026,ANi,2,s15,489,A4170: Coordination
25/03/2026,ANi,2,s15,489,A4180: Report / deliverable
25/03/2026,DMo,2,s15,489,A4250: Site / workshop (late booking)
25/03/2026,ANa,3,s17,489,A4400: Design development
25/03/2026,ANa,3,s17,489,A4460: CAD / modelling
25/03/2026,PHa,6,s17,489,A4470: Site / workshop
25/03/2026,AMa,2,s18,489,A4580: Report / deliverable
25/03/2026,SSi,8,s18,489,A4500: Report / deliverable
25/03/2026,ANa,1,s19,489,A4710: Technical review
25/03/2026,ANa,2,s19,489,A4730: Coordination
26/03/2026,KLa,4,s13,489,A4050: Coordination — overspend week
26/03/2026,SSi,8,s13,489,A3920: Technical review
26/03/2026,SSi,4,s14,489,A4070: Site / workshop
26/03/2026,ANa,4,s15,489,A4180: Site / workshop
26/03/2026,ANa,4,s15,489,A4170: Coordination
26/03/2026,ANi,2,s15,489,A4180: Technical review
26/03/2026,DMo,2,s15,489,A4190: Coordination
26/03/2026,JWr,2,s15,489,A4200: Site / workshop
26/03/2026,PHa,3,s15,489,A4210: Report / deliverable
26/03/2026,PHa,2,s15,489,A4200: Design development
26/03/2026,SSi,4,s16,489,A4340: Report / deliverable
26/03/2026,SSi,4,s16,489,A4300: Technical review
26/03/2026,SSi,4,s16,489,A4330: Report / deliverable
26/03/2026,TRe,1,s16,489,A4330: Design development — overspend week
26/03/2026,TRe,1,s16,489,A4270: Site / workshop
26/03/2026,TRe,1,s16,489,A4340: Design development
26/03/2026,ANa,3,s17,489,A4410: Design development (late booking)
26/03/2026,SFl,8,s17,489,A4480: Technical review
26/03/2026,SSi,4,s17,489,A4400: Site / workshop
26/03/2026,AMa,3,s18,489,A4540: Coordination
26/03/2026,SSi,8,s18,489,A4550: Coordination
26/03/2026,SSi,8,s18,489,A4590: CAD / modelling
26/03/2026,SSi,8,s18,489,A4620: CAD / modelling
26/03/2026,ANa,2,s19,489,A4650: Design development
27/03/2026,KLa,3,s13,489,A4020: CAD / modelling — overspend week
27/03/2026,KLa,4,s13,489,A3910: CAD / modelling
27/03/2026,SSi,5,s14,489,A4100: Technical review
27/03/2026,SSi,4,s14,489,A4110: Design development
27/03/2026,TRe,2,s14,489,A4120: CAD / modelling
27/03/2026,ANi,2,s15,489,A4190: Report / deliverable
27/03/2026,DMo,2,s15,489,A4200: Site / workshop
27/03/2026,DMo,2,s15,489,A4190: Site / workshop
27/03/2026,PHa,3,s15,489,A4210: Technical review
27/03/2026,TRe,1,s16,489,A4310: Coordination
27/03/2026,ANa,3,s17,489,A4370: CAD / modelling
27/03/2026,PHa,6,s17,489,A4380: Coordination
27/03/2026,SFl,8,s17,489,A4350: Report / deliverable (late booking)
27/03/2026,SFl,2,s17,489,A4480: Technical review (cont.)
27/03/2026,AMa,2,s18,489,A4610: Technical review
27/03/2026,SSi,1,s18,489,A4550: Coordination (cont.)
27/03/2026,SSi,1,s18,489,A4590: CAD / modelling (cont.)
27/03/2026,SSi,1,s18,489,A4620: CAD / modelling (cont.)
27/03/2026,ARa,1,s19,489,A4650: Coordination
27/03/2026,ARa,1,s19,489,A4660: CAD / modelling
27/03/2026,MWo,1,s19,489,A4670: Coordination
29/03/2026,SFl,8,s17,489,A4390: Technical review — overspend week
30/03/2026,ARa,4,s13,489,A3920: Site / workshop
30/03/2026,ARa,4,s13,489,A3940: Coordination
30/03/2026,KLa,4,s13,489,A3930: Coordination
30/03/2026,KLa,4,s13,489,A3950: CAD / modelling
30/03/2026,SSi,8,s13,489,A3940: Design development
30/03/2026,SSi,8,s13,489,A3960: Report / deliverable
30/03/2026,TRe,3,s14,489,A4140: Design development
30/03/2026,ANi,2,s15,489,A4180: CAD / modelling
30/03/2026,JWr,2,s15,489,A4190: Report / deliverable
30/03/2026,PHa,2,s15,489,A4200: Site / workshop
30/03/2026,SSi,4,s16,489,A4290: Site / workshop
30/03/2026,TRe,1,s16,489,A4300: Coordination
30/03/2026,ANa,4,s17,489,A4430: CAD / modelling
30/03/2026,ANa,4,s17,489,A4360: CAD / modelling
30/03/2026,PHa,6,s17,489,A4440: Report / deliverable
30/03/2026,PHa,6,s17,489,A4370: Report / deliverable
30/03/2026,SFl,1,s17,489,A4350: Report / deliverable (late booking) (cont.)
30/03/2026,SFl,1,s17,489,A4390: Technical review — overspend week (cont.)
30/03/2026,SFl,8,s17,489,A4450: Design development
30/03/2026,SFl,8,s17,489,A4380: CAD / modelling
30/03/2026,AMa,3,s18,489,A4490: Technical review
30/03/2026,SSi,8,s18,489,A4500: Coordination
30/03/2026,ARa,1,s19,489,A4680: Design development
30/03/2026,ARa,1,s19,489,A4710: Technical review
30/03/2026,MWo,1,s19,489,A4690: Report / deliverable
31/03/2026,SSi,1,s13,489,A3960: Report / deliverable (cont.)
31/03/2026,SSi,5,s14,489,A4130: CAD / modelling
31/03/2026,SSi,5,s14,489,A4150: CAD / modelling
31/03/2026,TRe,2,s14,489,A4070: Coordination
31/03/2026,ANa,4,s15,489,A4170: CAD / modelling
31/03/2026,ANi,2,s15,489,A4180: Coordination
31/03/2026,ANi,2,s15,489,A4260: Coordination
31/03/2026,DMo,2,s15,489,A4180: Report / deliverable — overspend week
31/03/2026,DMo,2,s15,489,A4190: Technical review
31/03/2026,JWr,2,s15,489,A4200: Technical review
31/03/2026,SSi,4,s16,489,A4280: CAD / modelling
31/03/2026,TRe,1,s16,489,A4270: Design development
31/03/2026,TRe,2,s16,489,A4290: Technical review
31/03/2026,SFl,2,s17,489,A4450: Design development (cont.)
31/03/2026,SFl,1,s17,489,A4380: CAD / modelling (cont.)
31/03/2026,SSi,4,s17,489,A4390: Design development
31/03/2026,SSi,1,s18,489,A4500: Coordination (cont.)
31/03/2026,ANa,2,s19,489,A4670: Site / workshop
31/03/2026,ARa,1,s19,489,A4710: Coordination
01/04/2026,SSi,8,s13,489,A3980: Design development
01/04/2026,SSi,8,s13,489,A3990: Report / deliverable
01/04/2026,ANa,4,s15,489,A4240: Report / deliverable
01/04/2026,DMo,2,s15,489,A4170: Design development
01/04/2026,DMo,2,s15,489,A4170: CAD / modelling
01/04/2026,JWr,2,s15,489,A4180: Design development
01/04/2026,PHa,2,s15,489,A4210: CAD / modelling
01/04/2026,PHa,2,s15,489,A4190: CAD / modelling
01/04/2026,SSi,4,s16,489,A4340: Technical review
01/04/2026,ANa,3,s17,489,A4460: Report / deliverable
01/04/2026,SFl,8,s17,489,A4480: Technical review
01/04/2026,SSi,4,s17,489,A4430: Design development
01/04/2026,SSi,3,s17,489,A4350: Site / workshop
01/04/2026,AMa,3,s18,489,A4540: CAD / modelling
01/04/2026,SSi,8,s18,489,A4550: Design development
01/04/2026,ANa,1,s19,489,A4700: Design development
01/04/2026,ANa,2,s19,489,A4700: Design development
01/04/2026,ARa,1,s19,489,A4730: Design development
01/04/2026,MWo,1,s19,489,A4720: Coordination
01/04/2026,MWo,1,s19,489,A4650: CAD / modelling
02/04/2026,ARa,4,s13,489,A3960: CAD / modelling
02/04/2026,ARa,4,s13,489,A3970: Technical review
02/04/2026,ARa,4,s13,489,A3990: Report / deliverable
02/04/2026,KLa,3,s13,489,A3970: Design development
02/04/2026,KLa,4,s13,489,A4000: Technical review
02/04/2026,SSi,8,s13,489,A4010: Design development
02/04/2026,ANa,4,s15,489,A4250: Coordination
02/04/2026,APe,2,s15,489,A4260: Design development
02/04/2026,SSi,4,s16,489,A4320: Report / deliverable
02/04/2026,PHa,6,s17,489,A4410: Report / deliverable
02/04/2026,PHa,6,s17,489,A4470: Technical review
02/04/2026,SFl,8,s17,489,A4420: CAD / modelling
02/04/2026,SFl,1,s17,489,A4480: Technical review (cont.)
02/04/2026,SFl,8,s17,489,A4390: Report / deliverable
02/04/2026,SSi,4,s17,489,A4350: Design development (late booking)
02/04/2026,SSi,1,s18,489,A4550: Design development (cont.)
02/04/2026,SSi,8,s18,489,A4570: Site / workshop
02/04/2026,ARa,1,s19,489,A4650: Design development
03/04/2026,ARa,4,s13,489,A4000: Site / workshop (late booking)
03/04/2026,KLa,4,s13,489,A3980: Report / deliverable
03/04/2026,ANa,4,s15,489,A4240: Coordination
03/04/2026,ANi,2,s15,489,A4250: Design development
03/04/2026,ANi,2,s15,489,A4250: Technical review
03/04/2026,DMo,2,s15,489,A4260: Site / workshop
03/04/2026,JWr,2,s15,489,A4170: Site / workshop
03/04/2026,PHa,3,s15,489,A4180: Coordination
03/04/2026,SSi,3,s16,489,A4270: CAD / modelling
03/04/2026,TRe,2,s16,489,A4330: Site / workshop
03/04/2026,TRe,2,s16,489,A4280: Design development
03/04/2026,ANa,4,s17,489,A4370: Site / workshop
03/04/2026,PHa,6,s17,489,A4380: Site / workshop
03/04/2026,SFl,1,s17,489,A4420: CAD / modelling (cont.)
03/04/2026,SFl,1,s17,489,A4390: Report / deliverable (cont.)
03/04/2026,SSi,4,s17,489,A4400: Design development
03/04/2026,AMa,2,s18,489,A4600: Site / workshop
03/04/2026,SSi,8,s18,489,A4560: Technical review (late booking)
03/04/2026,SSi,1,s18,489,A4570: Site / workshop (cont.)
03/04/2026,SSi,8,s18,489,A4610: CAD / modelling
03/04/2026,SSi,8,s18,489,A4640: Coordination
03/04/2026,ANa,1,s19,489,A4720: Design development
03/04/2026,ANa,1,s19,489,A4730: CAD / modelling
04/04/2026,PHa,3,s15,489,A4190: Report / deliverable — overspend week
06/04/2026,ARa,5,s13,489,A3900: Coordination — overspend week
06/04/2026,KLa,4,s13,489,A4010: Coordination
06/04/2026,SSi,8,s13,489,A4020: Design development
06/04/2026,ANi,2,s15,489,A4240: Report / deliverable
06/04/2026,DMo,2,s15,489,A4250: Technical review
06/04/2026,DMo,2,s15,489,A4240: Design development
06/04/2026,JWr,2,s15,489,A4260: Design development
06/04/2026,SSi,3,s16,489,A4320: Report / deliverable
06/04/2026,TRe,2,s16,489,A4310: Site / workshop
06/04/2026,SFl,8,s17,489,A4440: Site / workshop
06/04/2026,SSi,4,s17,489,A4450: Design development
06/04/2026,AMa,2,s18,489,A4500: Technical review
06/04/2026,AMa,3,s18,489,A4520: Report / deliverable
06/04/2026,SSi,1,s18,489,A4560: Technical review (late booking) (cont.)
06/04/2026,SSi,1,s18,489,A4610: CAD / modelling (cont.)
06/04/2026,SSi,1,s18,489,A4640: Coordination (cont.)
06/04/2026,SSi,8,s18,489,A4510: Report / deliverable
06/04/2026,SSi,8,s18,489,A4530: CAD / modelling
06/04/2026,ANa,2,s19,489,A4650: Technical review
06/04/2026,ARa,1,s19,489,A4660: Design development
07/04/2026,ARa,4,s13,489,A4000: Coordination
07/04/2026,ARa,4,s13,489,A4010: CAD / modelling
07/04/2026,SSi,8,s13,489,A4030: Report / deliverable
07/04/2026,ANa,4,s15,489,A4220: Coordination
07/04/2026,PHa,2,s15,489,A4170: Site / workshop
07/04/2026,PHa,3,s15,489,A4250: Report / deliverable
07/04/2026,SSi,4,s16,489,A4300: Design development
07/04/2026,ANa,4,s17,489,A4420: Report / deliverable
07/04/2026,PHa,6,s17,489,A4430: Report / deliverable
07/04/2026,SFl,1,s17,489,A4440: Site / workshop (cont.)
07/04/2026,SSi,3,s17,489,A4400: Report / deliverable
07/04/2026,SSi,1,s18,489,A4510: Report / deliverable (cont.)
07/04/2026,ARa,1,s19,489,A4660: Site / workshop
07/04/2026,MWo,1,s19,489,A4670: Design development
08/04/2026,ARa,4,s13,489,A4000: Design development
08/04/2026,KLa,4,s13,489,A4020: Site / workshop
08/04/2026,KLa,3,s13,489,A4010: Report / deliverable
08/04/2026,SSi,1,s13,489,A4030: Report / deliverable (cont.)
08/04/2026,ANa,4,s15,489,A4190: CAD / modelling
08/04/2026,ANi,2,s15,489,A4200: Report / deliverable
08/04/2026,DMo,2,s15,489,A4220: Design development
08/04/2026,JWr,2,s15,489,A4230: Site / workshop
08/04/2026,JWr,2,s15,489,A4220: CAD / modelling
08/04/2026,SSi,4,s16,489,A4270: Technical review
08/04/2026,SSi,4,s16,489,A4300: Report / deliverable
08/04/2026,TRe,2,s16,489,A4330: Site / workshop
08/04/2026,ANa,4,s17,489,A4460: Technical review
08/04/2026,ANa,3,s17,489,A4420: Site / workshop
08/04/2026,PHa,6,s17,489,A4470: Design development
08/04/2026,PHa,6,s17,489,A4380: Site / workshop
08/04/2026,PHa,7,s17,489,A4430: Site / workshop
08/04/2026,SFl,8,s17,489,A4480: Technical review
08/04/2026,SFl,8,s17,489,A4440: Coordination
08/04/2026,SSi,5,s17,489,A4460: Technical review — overspend week
08/04/2026,SSi,4,s17,489,A4350: Site / workshop
08/04/2026,SSi,4,s17,489,A4450: CAD / modelling
08/04/2026,AMa,3,s18,489,A4550: Coordination
08/04/2026,SSi,8,s18,489,A4560: Site / workshop
08/04/2026,ANa,2,s19,489,A4650: Report / deliverable
08/04/2026,MWo,1,s19,489,A4680: CAD / modelling
09/04/2026,ARa,4,s13,489,A4020: Design development
09/04/2026,KLa,3,s13,489,A4030: Technical review
09/04/2026,SSi,8,s13,489,A4020: Design development
09/04/2026,ANa,4,s15,489,A4190: CAD / modelling
09/04/2026,ANa,4,s15,489,A4250: Coordination
09/04/2026,ANi,2,s15,489,A4200: Technical review
09/04/2026,APe,2,s15,489,A4210: Design development
09/04/2026,DMo,2,s15,489,A4210: Report / deliverable
09/04/2026,JWr,2,s15,489,A4180: Coordination (late booking)
09/04/2026,PHa,3,s15,489,A4240: Coordination
09/04/2026,PHa,3,s15,489,A4230: CAD / modelling
09/04/2026,TRe,2,s16,489,A4280: CAD / modelling
09/04/2026,TRe,2,s16,489,A4310: Report / deliverable
09/04/2026,ANa,4,s17,489,A4370: CAD / modelling
09/04/2026,ANa,4,s17,489,A4440: Report / deliverable
09/04/2026,SFl,1,s17,489,A4480: Technical review (cont.)
09/04/2026,SFl,8,s17,489,A4390: Site / workshop
09/04/2026,SFl,2,s17,489,A4440: Coordination (cont.)
09/04/2026,SSi,1,s18,489,A4560: Site / workshop (cont.)
09/04/2026,SSi,8,s18,489,A4590: Coordination
09/04/2026,ANa,2,s19,489,A4660: Site / workshop
09/04/2026,ARa,1,s19,489,A4670: Technical review — overspend week
10/04/2026,KLa,4,s13,489,A4010: Technical review
10/04/2026,SSi,8,s13,489,A4040: Technical review
10/04/2026,SSi,8,s13,489,A4020: Coordination
10/04/2026,ANi,2,s15,489,A4260: Report / deliverable
10/04/2026,DMo,2,s15,489,A4170: Report / deliverable
10/04/2026,JWr,2,s15,489,A4180: Design development
10/04/2026,PHa,2,s15,489,A4190: Coordination
10/04/2026,TRe,2,s16,489,A4310: Coordination
10/04/2026,PHa,6,s17,489,A4450: Report / deliverable
10/04/2026,SFl,1,s17,489,A4390: Site / workshop (cont.)
10/04/2026,SSi,4,s17,489,A4470: Site / workshop
10/04/2026,AMa,3,s18,489,A4580: Report / deliverable
10/04/2026,AMa,3,s18,489,A4580: Coordination
10/04/2026,SSi,1,s18,489,A4590: Coordination (cont.)
10/04/2026,SSi,8,s18,489,A4590: Design development
10/04/2026,MWo,1,s19,489,A4660: Site / workshop — overspend week
11/04/2026,ANa,3,s17,489,A4400: Site / workshop — overspend week
12/04/2026,AMa,2,s18,489,A4630: Technical review — overspend week
13/04/2026,ARa,4,s13,489,A3980: Coordination
13/04/2026,ARa,4,s13,489,A3960: CAD / modelling
13/04/2026,SSi,1,s13,489,A4020: Coordination (cont.)
13/04/2026,SSi,8,s13,489,A4000: Technical review
13/04/2026,ANa,4,s15,489,A4210: Report / deliverable
13/04/2026,ANi,2,s15,489,A4220: Coordination
13/04/2026,JWr,2,s15,489,A4210: Technical review
13/04/2026,PHa,2,s15,489,A4220: Design development
13/04/2026,SSi,4,s16,489,A4300: Coordination
13/04/2026,TRe,1,s16,489,A4310: Coordination
13/04/2026,ANa,4,s17,489,A4350: Coordination
13/04/2026,PHa,6,s17,489,A4470: Design development
13/04/2026,SSi,4,s17,489,A4350: Site / workshop
13/04/2026,SSi,1,s18,489,A4590: Design development (cont.)
13/04/2026,SSi,8,s18,489,A4590: Design development
14/04/2026,KLa,4,s13,489,A3990: Site / workshop
14/04/2026,KLa,4,s13,489,A3970: CAD / modelling
14/04/2026,KLa,4,s13,489,A3940: Site / workshop
14/04/2026,ANi,2,s15,489,A4230: Coordination
14/04/2026,DMo,2,s15,489,A4240: Design development
14/04/2026,JWr,2,s15,489,A4250: Technical review
14/04/2026,PHa,3,s15,489,A4250: Coordination
14/04/2026,TRe,2,s16,489,A4300: Design development
14/04/2026,ANa,3,s17,489,A4350: CAD / modelling
14/04/2026,SFl,8,s17,489,A4480: Site / workshop — overspend week
14/04/2026,SFl,8,s17,489,A4370: Site / workshop
14/04/2026,SSi,4,s17,489,A4380: Design development
14/04/2026,AMa,3,s18,489,A4580: CAD / modelling
14/04/2026,SSi,1,s18,489,A4590: Design development (cont.)
15/04/2026,ARa,4,s13,489,A3930: CAD / modelling
15/04/2026,KLa,4,s13,489,A3900: Report / deliverable
15/04/2026,SSi,8,s13,489,A3980: Report / deliverable
15/04/2026,SSi,8,s13,489,A3950: Technical review
15/04/2026,SSi,8,s13,489,A3910: Coordination
15/04/2026,ANa,5,s15,489,A4230: Report / deliverable — overspend week
15/04/2026,ANa,4,s15,489,A4260: Site / workshop
15/04/2026,ANi,2,s15,489,A4180: Design development
15/04/2026,APe,2,s15,489,A4190: CAD / modelling
15/04/2026,DMo,2,s15,489,A4200: Report / deliverable
15/04/2026,DMo,2,s15,489,A4240: CAD / modelling
15/04/2026,DMo,2,s15,489,A4180: Report / deliverable
15/04/2026,SSi,4,s16,489,A4310: Design development
15/04/2026,SSi,4,s16,489,A4290: Coordination
15/04/2026,TRe,1,s16,489,A4320: Site / workshop
15/04/2026,TRe,2,s16,489,A4280: CAD / modelling
15/04/2026,ANa,3,s17,489,A4350: Design development
15/04/2026,PHa,6,s17,489,A4360: Design development
15/04/2026,PHa,8,s17,489,A4350: Report / deliverable — overspend week
15/04/2026,SFl,8,s17,489,A4460: Design development — overspend week
15/04/2026,SFl,3,s17,489,A4480: Site / workshop — overspend week (cont.)
15/04/2026,SFl,1,s17,489,A4370: Site / workshop (cont.)
15/04/2026,SFl,8,s17,489,A4370: Coordination
15/04/2026,SFl,8,s17,489,A4370: Coordination
15/04/2026,SSi,4,s17,489,A4380: CAD / modelling
15/04/2026,SSi,4,s17,489,A4380: Site / workshop
15/04/2026,AMa,3,s18,489,A4560: CAD / modelling (late booking)
16/04/2026,KLa,4,s13,489,A4040: CAD / modelling
16/04/2026,ANa,4,s15,489,A4200: Technical review
16/04/2026,ANi,2,s15,489,A4230: Report / deliverable — overspend week
16/04/2026,DMo,2,s15,489,A4220: Technical review
16/04/2026,PHa,3,s15,489,A4260: Report / deliverable
16/04/2026,PHa,2,s15,489,A4230: Technical review
16/04/2026,TRe,2,s16,489,A4330: CAD / modelling
16/04/2026,ANa,3,s17,489,A4480: Report / deliverable
16/04/2026,PHa,6,s17,489,A4360: Technical review
16/04/2026,PHa,6,s17,489,A4360: Design development
16/04/2026,SFl,3,s17,489,A4460: Design development — overspend week (cont.)
16/04/2026,SFl,1,s17,489,A4370: Coordination (cont.)
16/04/2026,SFl,1,s17,489,A4370: Coordination (cont.)
16/04/2026,SSi,4,s17,489,A4370: Site / workshop
17/04/2026,ARa,4,s13,489,A3890: CAD / modelling
17/04/2026,ARa,4,s13,489,A4030: Coordination
17/04/2026,SSi,8,s13,489,A4050: Design development
17/04/2026,ANi,2,s15,489,A4170: Coordination
17/04/2026,ANi,2,s15,489,A4210: Technical review
17/04/2026,JWr,2,s15,489,A4190: Coordination
17/04/2026,SSi,4,s16,489,A4270: Design development
17/04/2026,SSi,4,s16,489,A4320: Technical review
17/04/2026,SFl,8,s17,489,A4360: Site / workshop
20/04/2026,APe,2,s15,489,A4230: Report / deliverable — overspend week
20/04/2026,ANa,4,s17,489,A4460: Report / deliverable (late booking)
20/04/2026,SFl,1,s17,489,A4360: Site / workshop (cont.)
24/04/2026,ANa,4,s15,489,A4170: Coordination — overspend week
24/04/2026,SSi,4,s16,489,A4300: Site / workshop (late booking)
25/04/2026,ANa,4,s15,489,A4220: Technical review — overspend week
26/04/2026,PHa,2,s15,489,A4200: Report / deliverable — overspend week
